area,transect,tree,common_name,scienfic_name,family_name,WSD,DBH,BA,AGB,type,canopy,Light,Dead,D_class,plot_code,Hcom,Htot,RN,RS,RE,RW,Date,UTM_Easting,UTM_Northing
FNA_A01,T01,1,MORTA,NA,NA,,6.3,0.003117245,0.0047418,O,NA,NA,D,3,T01 P1,NA,4.46,NA,NA,NA,NA,20131019,715679.7056,8617104.557
FNA_A01,T01,2,MORTA,NA,NA,,9.1,0.006503882,0.014259592,O,NA,NA,D,4,T01 P1,NA,9.5,NA,NA,NA,NA,20131019,715680.2481,8617104.949
FNA_A01,T01,3,MORTA,NA,NA,,13.7,0.014741138,0.022395566,O,NA,NA,D,4,T01 P1,NA,6.07,NA,NA,NA,NA,20131019,715676.4788,8617105.656
FNA_A01,T01,4,MORTA,NA,NA,,6.6,0.003421194,0.005589774,O,NA,NA,D,3,T01 P1,NA,4.86,NA,NA,NA,NA,20131019,715680.411,8617106.393
FNA_A01,T01,5,MORTA,NA,NA,,5.4,0.002290221,0.004430187,O,NA,NA,D,3,T01 P1,NA,5.98,NA,NA,NA,NA,20131019,715679.9634,8617109.056
FNA_A01,T01,6,MORTA,NA,NA,,6.2,0.003019071,0.005143372,O,NA,NA,D,3,T01 P1,NA,5.12,NA,NA,NA,NA,20131019,715680.6854,8617110.793
FNA_A01,T01,7,MORTA,NA,NA,,6.8,0.003631681,0.005437994,O,NA,NA,D,3,T01 P1,NA,4.37,NA,NA,NA,NA,20131019,715679.4661,8617112.015
FNA_A01,T01,8,MORTA,NA,NA,,5.7,0.002551759,0.003928912,O,NA,NA,D,4,T01 P1,NA,6.17,NA,NA,NA,NA,20131019,715677.4917,8617111.695
FNA_A01,T01,9,MORTA,NA,NA,,5.8,0.002642079,0.003166704,O,NA,NA,D,3,T01 P1,NA,3.33,NA,NA,NA,NA,20131019,715679.2009,8617113.592
FNA_A01,T01,10,MORTA,NA,NA,,7.4,0.00430084,0.004821431,O,NA,NA,D,4,T01 P1,NA,4.18,NA,NA,NA,NA,20131019,715680.3538,8617112.766
FNA_A01,T01,11,MORTA,NA,NA,,71,0.395919214,1.02336457,O,NA,NA,D,3,T01 P1,NA,8.52,NA,NA,NA,NA,20131019,715679.293,8617119.077
FNA_A01,T01,12,MORTA,NA,NA,,15.2,0.018145839,0.033047805,O,NA,NA,D,4,T01 P1,NA,7.57,NA,NA,NA,NA,20131019,715677.2192,8617119.35
FNA_A01,T01,13,MORTA,NA,NA,0.58,18.5,0.026880252,0.041707423,O,NA,NA,D,3,T01 P1,NA,4.56,NA,NA,NA,NA,20131019,715693.0141,8617121.903
FNA_A01,T01,14,MORTA,NA,NA,0.58,27.6,0.05982849,0.328829029,O,NA,NA,D,3,T01 P1,NA,21.42,NA,NA,NA,NA,20131019,715695.9978,8617104.152
FNA_A01,T01,15,MORTA,NA,NA,0.58,10.4,0.008494867,0.012548255,O,NA,NA,D,3,T01 P1,NA,4.3,NA,NA,NA,NA,20131019,715712.6142,8617107.851
FNA_A01,T01,16,MORTA,NA,NA,0.58,32.6,0.083468975,0.338522984,O,NA,NA,D,3,T01 P1,NA,14.77,NA,NA,NA,NA,20131019,715710.0651,8617147.147
FNA_A01,T01,17,MORTA,NA,NA,0.58,45.4,0.161883128,0.765077167,O,NA,NA,D,3,T01 P1,NA,17.81,NA,NA,NA,NA,20131019,715715.41,8617109.316
FNA_A01,T01,18,MORTA,NA,NA,0.58,13.8,0.014957123,0.036296321,O,NA,NA,D,3,T01 P1,NA,7.89,NA,NA,NA,NA,20131019,715720.0144,8617112.086
FNA_A01,T01,19,MORTA,NA,NA,0.58,8,0.005026548,0.01182659,O,NA,NA,D,3,T01 P1,NA,7.59,NA,NA,NA,NA,20131019,715721.1673,8617111.26
FNA_A01,T01,20,MORTA,NA,NA,0.58,22.6,0.040114997,0.088543873,O,NA,NA,D,3,T01 P1,NA,7.02,NA,NA,NA,NA,20131019,715696.9555,8617128.618
FNA_A01,T01,21,TAQUARI,Mabea angularis,Euphorbiaceae,0.615698006,5.4,0.002290221,0.005754093,O,S,1,A,NA,T01 P1,1.78,6.3,1.3,1.15,1.5,1.3,20131019,715693.8355,8617123.049
FNA_A01,T01,22,TAQUARI,Mabea angularis,Euphorbiaceae,0.615698006,52.5,0.216475369,0.391266885,O,NA,NA,A,NA,T01 P1,NA,4.53,NA,NA,NA,NA,20131019,715693.5188,8617112.868
FNA_A01,T01,23,TAQUARI,Mabea angularis,Euphorbiaceae,0.615698006,7.2,0.004071504,0.012446016,O,NA,NA,A,NA,T01 P1,NA,7.66,NA,NA,NA,NA,20131019,715692.1853,8617126.834
FNA_A01,T01,24,TAQUARI,Mabea angularis,Euphorbiaceae,0.615698006,27.7,0.060262816,0.225464874,O,NA,NA,A,NA,T01 P1,NA,9.38,NA,NA,NA,NA,20131019,715690.8666,8617128.647
FNA_A01,T01,25,TAQUARI,Mabea angularis,Euphorbiaceae,0.615698006,8.1,0.005152997,0.010805015,O,NA,NA,A,NA,T01 P1,NA,5.25,NA,NA,NA,NA,20131019,715711.4317,8617132.984
FNA_A01,T01,26,TAQUARI,Mabea angularis,Euphorbiaceae,0.615698006,15.5,0.018869191,0.026970955,O,NA,NA,A,NA,T01 P1,NA,3.58,NA,NA,NA,NA,20131019,715691.1907,8617132.751
FNA_A01,T01,27,MORTA,NA,NA,0.58,23.8,0.044488094,0.113012135,O,NA,NA,D,3,T01 P1,NA,8.34,NA,NA,NA,NA,20131019,715688.7043,8617147.543
FNA_A01,T01,28,MORTA,NA,NA,0.45,22.8,0.040828138,0.05140671,O,NA,NA,D,4,T01 P1,NA,4.82,NA,NA,NA,NA,20131019,715688.5459,8617142.453
FNA_A01,T01,29,MORTA,NA,NA,0.58,31.2,0.076453799,0.1770212,O,NA,NA,D,3,T01 P1,NA,7.45,NA,NA,NA,NA,20131019,715706.6468,8617143.353
FNA_A01,T01,30,MORTA,NA,NA,0.58,27.7,0.060262816,0.216848136,O,NA,NA,D,3,T01 P1,NA,12.76,NA,NA,NA,NA,20131019,715673.7456,8617133.983
FNA_A01,T01,31,MORTA,NA,NA,0.58,19.5,0.029864765,0.044560926,O,NA,NA,D,3,T01 P1,NA,4.35,NA,NA,NA,NA,20131019,715674.5295,8617111.824
FNA_A01,T01,32,MORTA,NA,NA,0.7,12.5,0.012271846,0.037200583,O,NA,NA,D,2,T01 P1,NA,8.22,NA,NA,NA,NA,20131019,715695.5005,8617107.111
FNA_A01,T01,33,MORTA,NA,NA,0.7,44.5,0.155528471,0.642870042,O,NA,NA,D,2,T01 P2,NA,12.02,NA,NA,NA,NA,20131019,715692.0884,8617260.287
FNA_A01,T01,34,FREIJO BRANCO,Cordia scabrifolia,Boraginaceae,0.474,7.5,0.004417865,0.004823493,O,S,1,A,NA,T01 P2,2.82,3.55,1.2,1.08,1.06,1.09,20131019,715691.6182,8617263.25
FNA_A01,T01,35,MORTA,NA,NA,0.7,11.4,0.010207035,0.024099109,O,NA,NA,D,2,T01 P2,NA,6.06,NA,NA,NA,NA,20131019,715696.7171,8617263.02
FNA_A01,T01,36,MAMONINHA,Esenbeckia febrifuga,Rutaceae,0.64,6.8,0.003631681,0.012848233,O,S,1,A,NA,T01 P2,5.76,8.53,2,1.08,1.04,1.07,20131019,715690.4731,8617264.086
FNA_A01,T01,37,MORTA,NA,NA,0.7,9,0.006361725,0.014512016,O,NA,NA,D,2,T01 P2,4.49,5.81,NA,NA,NA,NA,20131019,715697.0787,8617267.123
FNA_A01,T01,38,MAMONINHA,Esenbeckia febrifuga,Rutaceae,0.64,5.5,0.002375829,0.005117802,O,S,1,A,NA,T01 P2,NA,5.19,1.09,1.07,1.09,2,20131019,715693.9567,8617267.655
FNA_A01,T01,39,MORTA,NA,NA,0.45,7.5,0.004417865,0.006162352,O,NA,NA,D,4,T01 P2,NA,5.46,NA,NA,NA,NA,20131019,715689.1107,8617279.052
FNA_A01,T01,40,MAMONINHA,Esenbeckia febrifuga,Rutaceae,0.64,5.7,0.002551759,0.007669233,O,S,1,A,NA,T01 P2,5.51,7.25,NA,NA,NA,NA,20131019,715685.8195,8617299.793
FNA_A01,T01,41,MAMONINHA,Esenbeckia febrifuga,Rutaceae,0.64,5.4,0.002290221,0.005893315,O,S,1,A,NA,T01 P2,4.85,6.2,1.08,1.09,1.04,1.02,20131019,715687.2781,8617296.981
FNA_A01,T01,42,MAMONINHA,Esenbeckia febrifuga,Rutaceae,0.64,7.6,0.00453646,0.013164048,O,S,1,A,NA,T01 P2,4.76,7,1.07,1.09,1.08,2.2,20131019,715686.7599,8617293.867
FNA_A01,T01,43,MAMONINHA,Esenbeckia febrifuga,Rutaceae,0.64,22.8,0.040828138,0.025280195,O,S,1,A,NA,T01 P2,NA,1.49,NA,NA,NA,NA,20131019,715685.6147,8617294.703
FNA_A01,T01,44,MORTA,NA,NA,0.45,8.7,0.005944679,0.009042065,O,NA,NA,D,4,T01 P2,NA,6.08,NA,NA,NA,NA,20131019,715651.2242,8617294.486
FNA_A01,T01,45,MAMONINHA,Esenbeckia febrifuga,Rutaceae,0.64,5.7,0.002551759,0.005024915,O,S,1,A,NA,T01 P2,3.07,4.75,2,1.8,1.9,2.6,20131019,715651.4062,8617294.615
FNA_A01,T01,46,MORTA,NA,NA,0.58,17.2,0.023235219,0.086325015,O,NA,NA,D,3,T01 P2,NA,13.27,NA,NA,NA,NA,20131019,715651.803,8617284.458
FNA_A01,T01,47,FREIJO BRANCO,Cordia scabrifolia,Boraginaceae,0.474,5.5,0.002375829,0.002536589,O,S,1,A,NA,T01 P3,1.79,3.48,1.2,1.4,1.1,1.3,20131019,715629.37,8617403.385
FNA_A01,T01,48,MORTA,NA,NA,0.7,58.8,0.271546703,2.220368432,O,NA,NA,D,2,T01 P3,NA,27.67,NA,NA,NA,NA,20131019,715632.1096,8617409.849
FNA_A01,T01,49,MORTA,NA,NA,0.58,26.6,0.055571632,0.082619529,O,NA,NA,D,3,T01 P3,NA,4.33,NA,NA,NA,NA,20131019,715632.8774,8617404.908
FNA_A01,T01,50,MORTA,NA,NA,0.58,25.9,0.052685294,0.139145738,O,NA,NA,D,3,T01 P3,NA,8.75,NA,NA,NA,NA,20131019,715648.0946,8617411.178
FNA_A01,T01,51,MORTA,NA,NA,0.58,19.4,0.029559245,0.023400038,O,NA,NA,D,3,T01 P3,NA,2,NA,NA,NA,NA,20131019,715658.2963,8617410.649
FNA_A01,T01,52,MORTA,NA,NA,0.58,16.7,0.021903969,0.012597441,O,NA,NA,D,3,T01 P3,NA,1.36,NA,NA,NA,NA,20131019,NA,NA
FNA_A01,T01,53,MORTA,NA,NA,0.7,6.8,0.003631681,0.00572735,O,NA,NA,D,2,T01 P3,NA,3.7,NA,NA,NA,NA,20131019,715674.3667,8617404.916
FNA_A01,T01,54,MORTA,NA,NA,0.7,32.7,0.08398184,0.39753738,O,NA,NA,D,2,T01 P3,NA,14.18,NA,NA,NA,NA,20131019,715664.1985,8617437.789
FNA_A01,T01,55,PEROBA,Aspidosperma polyneuron,Apocynaceae,0.75,35.7,0.100098211,1.152175556,O,E,1,A,NA,T01 P3,16.28,23.68,6,4.6,5.2,3.6,20131019,715630.5394,8617446.001
FNA_A01,T01,56,MORTA,NA,NA,0.58,8.4,0.005541769,0.012012961,O,NA,NA,D,3,T01 P4,NA,6.87,NA,NA,NA,NA,20131019,715606.53,8617557.171
FNA_A01,T01,57,MORTA,NA,NA,0.58,13,0.013273229,0.02485002,O,NA,NA,D,3,T01 P4,NA,5.74,NA,NA,NA,NA,20131019,715619.5838,8617551.489
FNA_A01,T01,58,MORTA,NA,NA,0.58,12.4,0.012076282,0.018615218,O,NA,NA,D,3,T01 P4,NA,4.53,NA,NA,NA,NA,20131019,715612.4985,8617557.785
FNA_A01,T01,59,CARAPANAUBA,Aspidosperma nitidum,Apocynaceae,0.763327689,73.2,0.420835186,6.942663921,O,E,1,A,NA,T01 P4,15.98,33.35,2,2.5,2.2,3.4,20131019,715605.7332,8617580.875
FNA_A01,T01,60,MORTA,NA,NA,0.58,33.3,0.087092017,0.242378772,O,NA,NA,D,3,T01 P4,NA,9.32,NA,NA,NA,NA,20131019,715611.6163,8617575.759
FNA_A01,T01,61,ITAUBA,Mezilaurus itauba,Lauraceae,0.720305556,43.4,0.147934456,1.714275353,O,E,1,A,NA,T01 P4,13,24.82,2.3,2.8,4,2.8,20131019,715621.8828,8617574.809
FNA_A01,T01,62,MORTA,NA,NA,0.58,21,0.034636059,0.087805111,O,NA,NA,D,3,T01 P4,NA,8.32,NA,NA,NA,NA,20131019,715622.0527,8617567.5
FNA_A01,T01,63,MORTA,NA,NA,0.58,17.1,0.022965828,0.055640148,O,NA,NA,D,3,T01 P4,NA,7.87,NA,NA,NA,NA,20131019,715628.2549,8617560.41
FNA_A01,T01,64,MORTA,NA,NA,0.58,36.3,0.103491131,0.633426531,O,NA,NA,D,3,T01 P4,NA,24.43,NA,NA,NA,NA,20131019,715625.1391,8617592.205
FNA_A01,T01,65,MORTA,NA,NA,0.7,22.8,0.040828138,0.085365032,O,NA,NA,D,2,T01 P4,NA,5.22,NA,NA,NA,NA,20131019,715624.8201,8617594.18
FNA_A01,T01,66,MORTA,NA,NA,0.7,14.4,0.016286016,0.031726549,O,NA,NA,D,2,T01 P4,NA,4.79,NA,NA,NA,NA,20131019,715602.9356,8617591.928
FNA_A01,T01,67,MORTA,NA,NA,0.7,16.3,0.020867244,0.01968359,O,NA,NA,D,2,T01 P4,NA,1.97,NA,NA,NA,NA,20131019,715647.5397,8617597.521
FNA_A01,T01,68,MORTA,NA,NA,0.58,21.7,0.036983614,0.047827246,O,NA,NA,D,3,T01 P4,NA,3.65,NA,NA,NA,NA,20131019,715640.0228,8617587.715
FNA_A01,T01,69,MORTA,NA,NA,0.58,22.8,0.040828138,0.101873918,O,NA,NA,D,3,T01 P4,NA,8.16,NA,NA,NA,NA,20131019,715638.5495,8617590.575
FNA_A01,T02,1,MAMONINHA,Esenbeckia febrifuga,Rutaceae,0.64,5.5,0.002375829,0.005380056,O,S,2,A,NA,T02 P1,3.44,5.46,0.8,0.7,0.6,1,20131020,715481.1207,8617074.351
FNA_A01,T02,2,EMBAUBA VERMELHA,Cecropia distachya,Urticaceae,0.358461538,6.3,0.003117245,0.004596191,O,S,2,A,NA,T02 P1,NA,6.35,NA,NA,NA,NA,20131020,715482.5004,8617071.329
FNA_A01,T02,3,MAMONINHA,Esenbeckia febrifuga,Rutaceae,0.64,6.2,0.003019071,0.008426615,O,S,2,A,NA,T02 P1,2.98,6.73,0.9,0.6,1,1,20131020,715486.8938,8617076.276
FNA_A01,T02,4,MAMONINHA,Esenbeckia febrifuga,Rutaceae,0.64,8.4,0.005541769,0.014304756,O,S,2,A,NA,T02 P1,3.52,6.22,0.8,0.5,0.5,0.7,20131020,715485.8821,8617076.926
FNA_A01,T02,5,MORTA,NA,NA,0.7,26.4,0.05473911,0.243624303,O,NA,NA,D,2,T02 P1,NA,13.15,NA,NA,NA,NA,20131020,715494.663,8617074.467
FNA_A01,T02,6,MORTA,NA,NA,0.58,17.7,0.024605739,0.050397687,O,NA,NA,D,3,T02 P1,NA,6.41,NA,NA,NA,NA,20131020,715495.1907,8617077.588
FNA_A01,T02,7,MORTA,NA,NA,0.58,14.6,0.016741547,0.01883606,O,NA,NA,D,3,T02 P1,NA,3.08,NA,NA,NA,NA,20131020,715498.614,8617075.092
FNA_A01,T02,8,MORTA,NA,NA,0.6,15.5,0.018869191,0.024969816,O,NA,NA,D,1,T02 P1,NA,3.6,NA,NA,NA,NA,20131020,715505.5281,8617076.185
FNA_A01,T02,9,MORTA,NA,NA,0.7,15.5,0.018869191,0.080604392,O,NA,NA,D,2,T02 P1,NA,12.51,NA,NA,NA,NA,20131020,715506.0557,8617079.305
FNA_A01,T02,10,MORTA,NA,NA,0.7,18.6,0.027171635,0.065827066,O,NA,NA,D,2,T02 P1,NA,6.25,NA,NA,NA,NA,20131020,715514.4853,8617083.675
FNA_A01,T02,11,MORTA,NA,NA,0.58,14.2,0.015836769,0.036938654,O,NA,NA,D,3,T02 P1,NA,7.51,NA,NA,NA,NA,20131020,715519.6449,8617089.553
FNA_A01,T02,12,MORTA,NA,NA,0.7,23.4,0.043005262,0.204866562,O,NA,NA,D,2,T02 P1,NA,14.29,NA,NA,NA,NA,20131020,715514.1604,8617098.81
FNA_A01,T02,13,MORTA,NA,NA,0.58,27.8,0.060698712,0.190253452,O,NA,NA,D,3,T02 P1,NA,10.78,NA,NA,NA,NA,20131020,715509.7494,8617101.15
FNA_A01,T02,14,MORTA,NA,NA,0.58,30.5,0.073061664,0.242953281,O,NA,NA,D,3,T02 P1,NA,11.59,NA,NA,NA,NA,20131020,715509.5779,8617115.297
FNA_A01,T02,15,MORTA,NA,NA,0.58,13.7,0.014741138,0.013590305,O,NA,NA,D,3,T02 P1,NA,2.42,NA,NA,NA,NA,20131020,715495.2689,8617120.121
FNA_A01,T02,16,MORTA,NA,NA,0.58,23,0.041547563,0.205361934,O,NA,NA,D,3,T02 P1,NA,18.82,NA,NA,NA,NA,20131020,715493.9952,8617117.895
FNA_A01,T02,17,MORTA,NA,NA,0.58,14.6,0.016741547,0.028868037,O,NA,NA,D,3,T02 P1,NA,5.19,NA,NA,NA,NA,20131020,715491.2711,8617109.365
FNA_A01,T02,18,MORTA,NA,NA,0.58,49,0.188574099,0.185930435,O,NA,NA,D,3,T02 P2,NA,2.62,NA,NA,NA,NA,20131020,715461.3822,8617227.784
FNA_A01,T02,19,MORTA,NA,NA,0.58,24.6,0.047529155,0.058268288,O,NA,NA,D,3,T02 P2,NA,3.42,NA,NA,NA,NA,20131020,715467.1871,8617235.772
FNA_A01,T02,20,MORTA,NA,NA,0.7,11.5,0.010386891,0.023719709,O,NA,NA,D,2,T02 P2,NA,5.82,NA,NA,NA,NA,20131020,715465.1156,8617236.057
FNA_A01,T02,21,MORTA,NA,NA,0.7,19.5,0.029864765,0.088861172,O,NA,NA,D,2,T02 P2,NA,8.04,NA,NA,NA,NA,20131020,715477.0681,8617237.31
FNA_A01,T02,22,MORTA,NA,NA,0.7,15.6,0.01911345,0.047509092,O,NA,NA,D,2,T02 P2,NA,6.45,NA,NA,NA,NA,20131020,715470.2217,8617248.389
FNA_A01,T02,23,MORTA,NA,NA,0.7,13,0.013273229,0.0301436,O,NA,NA,D,2,T02 P2,NA,5.78,NA,NA,NA,NA,20131020,715470.3806,8617247.401
FNA_A01,T02,24,MORTA,NA,NA,0.7,12.5,0.012271846,0.019327816,O,NA,NA,D,2,T02 P2,NA,3.69,NA,NA,NA,NA,20131020,715492.5067,8617260.966
FNA_A01,T02,25,MORTA,NA,NA,0.7,10.8,0.009160884,0.022171754,O,NA,NA,D,2,T02 P2,NA,6.25,NA,NA,NA,NA,20131020,715496.6179,8617260.594
FNA_A01,T02,26,MORTA,NA,NA,0.7,29.5,0.068349275,0.253687051,O,NA,NA,D,2,T02 P2,NA,10.53,NA,NA,NA,NA,20131020,715497.4472,8617261.735
FNA_A01,T02,27,MORTA,NA,NA,0.7,21.1,0.034966712,0.134668696,O,NA,NA,D,2,T02 P2,NA,11.02,NA,NA,NA,NA,20131020,715494.1652,8617263.248
FNA_A01,T02,28,MORTA,NA,NA,0.7,25.7,0.051874763,0.235991655,O,NA,NA,D,2,T02 P2,NA,13.51,NA,NA,NA,NA,20131020,715489.1011,8617269.544
FNA_A01,T02,29,MORTA,NA,NA,0.58,30.5,0.073061664,0.446949821,O,NA,NA,D,3,T02 P2,NA,24.42,NA,NA,NA,NA,20131020,715488.0778,8617263.313
FNA_A01,T02,30,MORTA,NA,NA,0.7,50.9,0.203481742,1.517214637,O,NA,NA,D,2,T02 P2,NA,24.72,NA,NA,NA,NA,20131020,715491.7126,8617265.903
FNA_A01,T02,31,MORTA,NA,NA,0.7,16.4,0.021124069,0.123047684,O,NA,NA,D,2,T02 P2,NA,18.28,NA,NA,NA,NA,20131020,715488.7131,8617259.364
FNA_A01,T02,32,MORTA,NA,NA,0.7,22.6,0.040114997,0.238237002,O,NA,NA,D,2,T02 P2,NA,18.71,NA,NA,NA,NA,20131020,715487.7602,8617265.287
FNA_A01,T02,33,MORTA,NA,NA,0.58,20.6,0.033329156,0.123280128,O,NA,NA,D,3,T02 P2,NA,13.2,NA,NA,NA,NA,20131020,715488.113,8617269.39
FNA_A01,T02,34,MORTA,NA,NA,0.58,10.1,0.008011847,0.00709593,O,NA,NA,D,3,T02 P2,NA,2.3,NA,NA,NA,NA,20131020,715477.2439,8617267.698
FNA_A01,T02,35,MORTA,NA,NA,0.58,19.2,0.028952918,0.083146378,O,NA,NA,D,3,T02 P2,NA,9.69,NA,NA,NA,NA,20131020,715467.9982,8617262.211
FNA_A01,T02,36,MORTA,NA,NA,0.7,23.6,0.043743536,0.256029423,O,NA,NA,D,2,T02 P2,NA,18.38,NA,NA,NA,NA,20131020,715468.9863,8617262.365
FNA_A01,T02,37,MORTA,NA,NA,0.6,27.6,0.05982849,0.197565442,O,NA,NA,D,1,T02 P2,NA,11.03,NA,NA,NA,NA,20131020,715467.1689,8617261.07
FNA_A01,T02,38,MORTA,NA,NA,0.58,29,0.066051986,0.385404172,O,NA,NA,D,3,T02 P2,NA,23.05,NA,NA,NA,NA,20131020,715470.6097,8617258.569
FNA_A01,T02,39,MORTA,NA,NA,0.58,49.2,0.190116621,0.353143143,O,NA,NA,D,3,T02 P2,NA,5.69,NA,NA,NA,NA,20131020,715448.7479,8617262.25
FNA_A01,T02,40,MORTA,NA,NA,0.58,38,0.113411495,0.11671672,O,NA,NA,D,3,T02 P3,NA,2.76,NA,NA,NA,NA,20131020,715436.8505,8617369.129
FNA_A01,T02,41,MORTA,NA,NA,0.58,15.1,0.017907864,0.041795023,O,NA,NA,D,3,T02 P3,NA,7.52,NA,NA,NA,NA,20131020,715440.1595,8617373.786
FNA_A01,T02,42,MORTA,NA,NA,0.58,29.5,0.068349275,0.368940472,O,NA,NA,D,3,T02 P3,NA,20.96,NA,NA,NA,NA,20131020,715443.9819,8617381.583
FNA_A01,T02,43,MORTA,NA,NA,0.58,25.9,0.052685294,0.287368317,O,NA,NA,D,3,T02 P3,NA,21.22,NA,NA,NA,NA,20131020,715445.9504,8617381.936
FNA_A01,T02,44,MORTA,NA,NA,0.58,20,0.031415927,0.092434587,O,NA,NA,D,3,T02 P3,NA,9.98,NA,NA,NA,NA,20131020,715446.0773,8617400.243
FNA_A01,T02,45,MORTA,NA,NA,0.58,45.1,0.159750772,0.173296294,O,NA,NA,D,3,T02 P3,NA,2.95,NA,NA,NA,NA,20131020,715443.9518,8617400.877
FNA_A01,T02,46,MORTA,NA,NA,0.58,17.8,0.024884555,0.081173792,O,NA,NA,D,3,T02 P3,NA,11.32,NA,NA,NA,NA,20131020,715432.6116,8617395.794
FNA_A01,T02,47,MORTA,NA,NA,0.7,16.3,0.020867244,0.076777026,O,NA,NA,D,2,T02 P3,NA,10.42,NA,NA,NA,NA,20131020,715428.2556,8617407.913
FNA_A01,T02,48,MORTA,NA,NA,0.7,17.2,0.023235219,0.063527431,O,NA,NA,D,2,T02 P3,NA,7.25,NA,NA,NA,NA,20131020,715426.6759,8617414.028
FNA_A01,T02,49,MORTA,NA,NA,0.58,44,0.152053084,0.619118537,O,NA,NA,D,3,T02 P3,NA,14.85,NA,NA,NA,NA,20131020,715475.877,8617397.467
FNA_A01,T02,50,MORTA,NA,NA,0.6,40.7,0.13010042,0.815153086,O,NA,NA,D,1,T02 P3,NA,24.12,NA,NA,NA,NA,20131020,715473.9084,8617397.113
FNA_A01,T02,51,MORTA,NA,NA,0.6,28.7,0.064692461,0.352239446,O,NA,NA,D,1,T02 P3,NA,20.32,NA,NA,NA,NA,20131020,715468.6731,8617398.205
FNA_A01,T02,52,FREIJO BRANCO,Cordia scabrifolia,Boraginaceae,0.474,48.8,0.18703786,1.31213887,O,E,1,A,NA,T02 P4,16.54,22.84,1,0.7,0.9,0.3,20131020,715433.4716,8617524.81
FNA_A01,T02,53,MORTA,NA,NA,0.6,23.5,0.043373614,0.133116257,O,NA,NA,D,1,T02 P4,NA,10.08,NA,NA,NA,NA,20131020,715429.8751,8617528.26
FNA_A01,T02,54,MORTA,NA,NA,0.6,15.6,0.01911345,0.031267513,O,NA,NA,D,1,T02 P4,NA,4.67,NA,NA,NA,NA,20131020,715430.5707,8617536.49
FNA_A01,T02,55,MORTA,NA,NA,0.6,30.8,0.074506011,0.24524066,O,NA,NA,D,1,T02 P4,NA,10.98,NA,NA,NA,NA,20131020,715440.9102,8617535.191
FNA_A01,T02,56,MORTA,NA,NA,0.7,26.5,0.055154586,0.422563848,O,NA,NA,D,2,T02 P4,NA,25.55,NA,NA,NA,NA,20131020,715445.9714,8617528.946
FNA_A01,T02,57,MORTA,NA,NA,0.7,37.2,0.108686539,0.936128877,O,NA,NA,D,2,T02 P4,NA,29.48,NA,NA,NA,NA,20131020,715448.2914,8617533.394
FNA_A01,T02,58,MORTA,NA,NA,0.7,21.5,0.03630503,0.114306773,O,NA,NA,D,2,T02 P4,NA,8.61,NA,NA,NA,NA,20131020,715454.3674,8617533.404
FNA_A01,T02,59,MORTA,NA,NA,0.7,31,0.075476764,0.546263541,O,NA,NA,D,2,T02 P4,NA,23.83,NA,NA,NA,NA,20131020,715456.1226,8617522.545
FNA_A01,T02,60,MORTA,NA,NA,0.7,16.8,0.022167078,0.027291688,O,NA,NA,D,2,T02 P4,NA,2.73,NA,NA,NA,NA,20131020,715447.5223,8617544.419
FNA_A01,T02,61,MORTA,NA,NA,0.7,15.6,0.01911345,0.055955733,O,NA,NA,D,2,T02 P4,NA,7.88,NA,NA,NA,NA,20131020,715447.8988,8617554.624
FNA_A01,T02,62,MORTA,NA,NA,0.7,21.9,0.037668481,0.287968284,O,NA,NA,D,2,T02 P4,NA,25.48,NA,NA,NA,NA,20131020,715449.3922,8617557.918
FNA_A01,T02,63,MORTA,NA,NA,0.7,36.7,0.105784493,0.142300811,O,NA,NA,D,2,T02 P4,NA,3.05,NA,NA,NA,NA,20131020,715448.9135,8617560.879
FNA_A01,T03,1,MORTA,NA,NA,0.58,16.7,0.021903969,0.06144681,O,NA,NA,D,3,T03 P1,NA,9.41,NA,NA,NA,NA,20131020,715282.9809,8617051.627
FNA_A01,T03,2,MORTA,NA,NA,0.58,21.9,0.037668481,0.097602071,O,NA,NA,D,3,T03 P1,NA,8.54,NA,NA,NA,NA,20131020,715285.2289,8617048.61
FNA_A01,T03,3,MORTA,NA,NA,0.7,23.8,0.044488094,0.189740734,O,NA,NA,D,2,T03 P1,NA,12.48,NA,NA,NA,NA,20131020,715290.107,8617037.99
FNA_A01,T03,4,MORTA,NA,NA,0.7,36,0.101787602,0.211279263,O,NA,NA,D,2,T03 P1,NA,5.18,NA,NA,NA,NA,20131020,715328.472,8617053.115
FNA_A01,T03,5,MORTA,NA,NA,0.7,11.3,0.010028749,0.013111423,O,NA,NA,D,2,T03 P1,NA,2.94,NA,NA,NA,NA,20131020,715319.9912,8617062.651
FNA_A01,T03,6,MORTA,NA,NA,0.7,27.2,0.058106898,0.290413042,O,NA,NA,D,2,T03 P1,NA,15.16,NA,NA,NA,NA,20131020,715318.5099,8617068.445
FNA_A01,T03,7,MORTA,NA,NA,0.7,20.5,0.033006358,0.105398962,O,NA,NA,D,2,T03 P1,NA,8.76,NA,NA,NA,NA,20131020,715324.2175,8617076.606
FNA_A01,T03,8,MORTA,NA,NA,0.7,27.7,0.060262816,0.0551142,O,NA,NA,D,2,T03 P1,NA,1.9,NA,NA,NA,NA,20131020,715320.0598,8617073.798
FNA_A01,T03,9,MORTA,NA,NA,0.7,16,0.020106193,0.105806543,O,NA,NA,D,2,T03 P1,NA,16.14,NA,NA,NA,NA,20131020,715321.6928,8617078.155
FNA_A01,T03,10,MORTA,NA,NA,0.7,19.6,0.030171856,0.034571834,O,NA,NA,D,2,T03 P1,NA,2.5,NA,NA,NA,NA,20131020,715313.665,8617078.666
FNA_A01,T03,11,MORTA,NA,NA,0.6,34.6,0.094024727,0.375821631,O,NA,NA,D,1,T03 P1,NA,13.92,NA,NA,NA,NA,20131020,715297.707,8617066.549
FNA_A01,T03,12,MORTA,NA,NA,0.7,12.9,0.013069811,0.043330744,O,NA,NA,D,2,T03 P1,NA,9.18,NA,NA,NA,NA,20131020,715296.1986,8617060.698
FNA_A01,T03,13,MORTA,NA,NA,0.58,29.7,0.069279187,0.089919036,O,NA,NA,D,3,T03 P2,NA,3.67,NA,NA,NA,NA,20131020,715266.959,8617208.851
FNA_A01,T03,14,MORTA,NA,NA,0.58,19.1,0.02865211,0.072307911,O,NA,NA,D,3,T03 P2,NA,8.27,NA,NA,NA,NA,20131020,715278.2092,8617206.576
FNA_A01,T03,15,MORTA,NA,NA,0.58,13.5,0.014313882,0.021380111,O,NA,NA,D,3,T03 P2,NA,4.36,NA,NA,NA,NA,20131020,715281.2687,8617206.046
FNA_A01,T03,16,MORTA,NA,NA,0.58,11.1,0.009676891,0.013597255,O,NA,NA,D,3,T03 P2,NA,4.04,NA,NA,NA,NA,20131020,715282.6399,8617202.22
FNA_A01,T03,17,MORTA,NA,NA,0.58,15.2,0.018145839,0.063866013,O,NA,NA,D,3,T03 P2,NA,12.42,NA,NA,NA,NA,20131020,715286.1116,8617197.41
FNA_A01,T03,18,MORTA,NA,NA,0.7,11.5,0.010386891,0.021038571,O,NA,NA,D,2,T03 P2,NA,5.02,NA,NA,NA,NA,20131020,715315.115,8617198.226
FNA_A01,T03,19,MORTA,NA,NA,0.6,17.8,0.024884555,0.024559359,O,NA,NA,D,1,T03 P2,NA,2.52,NA,NA,NA,NA,20131020,715312.6231,8617224.107
FNA_A01,T03,20,MORTA,NA,NA,0.7,34.2,0.091863311,0.580359257,O,NA,NA,D,2,T03 P2,NA,20.18,NA,NA,NA,NA,20131020,715311.473,8617236.052
FNA_A01,T03,21,MORTA,NA,NA,0.58,35,0.096211275,0.474622462,O,NA,NA,D,3,T03 P2,NA,18.77,NA,NA,NA,NA,20131020,715302.2944,8617237.641
FNA_A01,T03,22,MORTA,NA,NA,0.58,29.9,0.070215381,0.36279659,O,NA,NA,D,3,T03 P2,NA,19.86,NA,NA,NA,NA,20131020,715287.3803,8617236.309
FNA_A01,T03,23,MORTA,NA,NA,0.58,27.7,0.060262816,0.137387342,O,NA,NA,D,3,T03 P2,NA,7.31,NA,NA,NA,NA,20131020,715278.0764,8617228.785
FNA_A01,T03,24,MORTA,NA,NA,0.58,15,0.017671459,0.023562672,O,NA,NA,D,3,T03 P2,NA,3.79,NA,NA,NA,NA,20131020,715280.9443,8617230.246
FNA_A01,T03,25,MORTA,NA,NA,0.58,14.6,0.016741547,0.022696252,O,NA,NA,D,3,T03 P2,NA,3.87,NA,NA,NA,NA,20131020,715282.6694,8617212.329
FNA_A01,T03,26,MORTA,NA,NA,0.58,58.1,0.265119789,2.119413454,O,NA,NA,D,3,T03 P2,NA,33.87,NA,NA,NA,NA,20131020,715263.8626,8617230.595
FNA_A01,T03,27,MORTA,NA,NA,0.58,16.1,0.020358306,0.056328699,O,NA,NA,D,3,T03 P3,NA,9.26,NA,NA,NA,NA,20131020,715259.5663,8617351.468
FNA_A01,T03,28,MORTA,NA,NA,0.58,13.2,0.013684778,0.031625461,O,NA,NA,D,3,T03 P3,NA,7.43,NA,NA,NA,NA,20131020,715256.8188,8617358.118
FNA_A01,T03,29,MORTA,NA,NA,0.58,14.5,0.016512996,0.04489928,O,NA,NA,D,3,T03 P3,NA,9.06,NA,NA,NA,NA,20131020,715257.0358,8617365.229
FNA_A01,T03,30,MORTA,NA,NA,0.58,18.6,0.027171635,0.058360008,O,NA,NA,D,3,T03 P3,NA,6.79,NA,NA,NA,NA,20131020,715263.9531,8617366.302
FNA_A01,T03,31,MORTA,NA,NA,0.58,51,0.204282062,0.978334717,O,NA,NA,D,3,T03 P3,NA,18.1,NA,NA,NA,NA,20131020,715264.8311,8617367.449
FNA_A01,T03,32,MORTA,NA,NA,0.58,13,0.013273229,0.028957366,O,NA,NA,D,3,T03 P3,NA,6.92,NA,NA,NA,NA,20131020,715287.783,8617359.888
FNA_A01,T03,33,MORTA,NA,NA,0.58,10.6,0.008824734,0.014721151,O,NA,NA,D,3,T03 P3,NA,4.99,NA,NA,NA,NA,20131020,715287.5627,8617361.876
FNA_A01,T03,34,MORTA,NA,NA,0.58,13.2,0.013684778,0.040800326,O,NA,NA,D,3,T03 P3,NA,10.14,NA,NA,NA,NA,20131020,715286.6846,8617360.729
FNA_A01,T03,35,MORTA,NA,NA,0.58,17.9,0.025164943,0.020490495,O,NA,NA,D,3,T03 P3,NA,2.08,NA,NA,NA,NA,20131020,715293.2747,8617355.685
FNA_A01,T03,36,MORTA,NA,NA,0.58,11.6,0.010568318,0.024542601,O,NA,NA,D,3,T03 P3,NA,7.47,NA,NA,NA,NA,20131020,715289.8596,8617386.496
FNA_A01,T03,37,MORTA,NA,NA,0.58,17.4,0.023778715,0.041433426,O,NA,NA,D,3,T03 P3,NA,5.26,NA,NA,NA,NA,20131020,715286.7849,8617387.03
FNA_A01,T03,38,MORTA,NA,NA,0.58,25.7,0.051874763,0.043891992,O,NA,NA,D,3,T03 P3,NA,2.17,NA,NA,NA,NA,20131020,715252.8595,8617375.702
FNA_A01,T03,39,MORTA,NA,NA,0.58,14.5,0.016512996,0.057228804,O,NA,NA,D,3,T03 P4,NA,12.19,NA,NA,NA,NA,20131020,715264.2141,8617494.218
FNA_A01,T03,40,MORTA,NA,NA,0.58,24.4,0.046759465,0.119473245,O,NA,NA,D,3,T03 P4,NA,8.4,NA,NA,NA,NA,20131020,715262.8881,8617505.138
FNA_A01,T03,41,MORTA,NA,NA,0.58,24.3,0.046376976,0.21357889,O,NA,NA,D,3,T03 P4,NA,17.26,NA,NA,NA,NA,20131020,715261.7737,8617506.02
FNA_A01,T03,42,MORTA,NA,NA,0.58,12.2,0.011689866,0.018263838,O,NA,NA,D,3,T03 P4,NA,4.6,NA,NA,NA,NA,20131020,715262.0148,8617504.034
FNA_A01,T03,43,MORTA,NA,NA,0.58,45,0.159043128,0.502140786,O,NA,NA,D,3,T03 P4,NA,10.88,NA,NA,NA,NA,20131020,715250.2688,8617517.811
FNA_A01,T03,44,MORTA,NA,NA,0.58,19,0.028352874,0.076598149,O,NA,NA,D,3,T03 P4,NA,8.99,NA,NA,NA,NA,20131020,715256.3521,8617517.487
FNA_A01,T03,45,MORTA,NA,NA,0.58,27.8,0.060698712,0.325880321,O,NA,NA,D,3,T03 P4,NA,20.82,NA,NA,NA,NA,20131020,715275.4133,8617534.715
FNA_A01,T03,46,MORTA,NA,NA,0.58,29.3,0.067425647,0.339123851,O,NA,NA,D,3,T03 P4,NA,19.22,NA,NA,NA,NA,20131020,715275.1722,8617536.701
FNA_A01,T03,47,MORTA,NA,NA,0.58,29.1,0.066508302,0.261017821,O,NA,NA,D,3,T03 P4,NA,14.19,NA,NA,NA,NA,20131020,715244.2444,8617534.242
FNA_A01,T04,1,MAMONINHA,Esenbeckia febrifuga,Rutaceae,0.64,5.3,0.002206183,0.004895235,O,S,1,A,NA,T04 P1,1.23,5.35,1,1.1,1,1.2,20131023,715081.6881,8617007.905
FNA_A01,T04,2,MAMONINHA,Esenbeckia febrifuga,Rutaceae,0.64,6.3,0.003117245,0.006803508,O,S,1,A,NA,T04 P1,1.32,5.26,1.2,1.3,1.6,1,20131023,715081.589,8617007.891
FNA_A01,T04,3,MAMONINHA,Esenbeckia febrifuga,Rutaceae,0.64,6.6,0.003421194,0.008964517,O,S,1,A,NA,T04 P1,2.95,6.32,2,1.5,1.2,1.8,20131023,715080.8273,8617015.459
FNA_A01,T04,4,MAMONINHA,Esenbeckia febrifuga,Rutaceae,0.64,5.4,0.002290221,0.006271997,O,S,1,A,NA,T04 P1,2.56,6.6,2,17,1.4,1.6,20131023,715081.5185,8617021.312
FNA_A01,T04,5,MAMONINHA,Esenbeckia febrifuga,Rutaceae,0.64,6.4,0.003216991,0.009191671,O,S,1,A,NA,T04 P1,3.51,6.89,1,0.8,0.9,1,20131023,715078.7284,8617026.07
FNA_A01,T04,6,MAMONINHA,Esenbeckia febrifuga,Rutaceae,0.64,6.3,0.003117245,0.008624642,O,S,1,A,NA,T04 P1,3.04,6.67,0.8,0.9,2.1,2,20131023,715080.5044,8617029.955
FNA_A01,T04,7,MORTA,NA,NA,0.58,22.2,0.038707563,0.106318275,O,NA,NA,D,3,T04 P1,NA,9.17,0.9,1.2,1.1,2.1,20131023,715078.7385,8617037.483
FNA_A01,T04,8,MORTA,NA,NA,0.58,19.2,0.028952918,0.031444515,O,NA,NA,D,3,T04 P1,NA,2.95,0.5,0.7,0.9,1,20131023,715080.5194,8617037.026
FNA_A01,T04,9,MAMONINHA,Esenbeckia febrifuga,Rutaceae,0.64,6.3,0.003117245,0.007009802,O,S,1,A,NA,T04 P1,3.04,5.42,NA,NA,NA,NA,20131023,715081.1474,8617039.74
FNA_A01,T04,10,MAMONINHA,Esenbeckia febrifuga,Rutaceae,0.64,6.9,0.003739281,0.010040822,O,S,1,A,NA,T04 P1,2.05,6.47,NA,NA,NA,NA,20131023,715080.813,8617042.117
FNA_A01,T04,11,MORTA,NA,NA,0.58,32.6,0.083468975,0.268614162,O,NA,NA,D,3,T04 P1,NA,11.14,NA,NA,NA,NA,20131023,715078.5873,8617052.912
FNA_A01,T04,12,FREIJO BRANCO,Cordia scabrifolia,Boraginaceae,0.474,9.3,0.006792909,0.008512885,O,S,1,A,NA,T04 P1,2.04,4.08,0.6,0.5,0.4,0.6,20131023,715084.6497,8617050.735
FNA_A01,T04,13,MORTA,NA,NA,0.58,13.9,0.015174678,0.021287752,O,NA,NA,D,3,T04 P1,NA,4.04,NA,NA,NA,NA,20131023,715091.5814,8617051.711
FNA_A01,T04,14,MORTA,NA,NA,0.58,48.5,0.184745283,0.287182886,O,NA,NA,D,3,T04 P1,NA,4.57,NA,NA,NA,NA,20131023,715112.0979,8617056.617
FNA_A01,T04,15,ABIURANA,Pouteria gongrijpii,Sapotaceae,0.799402922,19.6,0.030171856,0.26900049,O,E,1,A,NA,T04 P1,12.81,17.21,1.6,2.1,2.6,3,20131023,715113.9391,8617057.886
FNA_A01,T04,16,MORTA,NA,NA,0.58,37,0.107521009,0.600295956,O,NA,NA,D,3,T04 P1,NA,21.84,NA,NA,NA,NA,20131023,715113.0732,8617049.686
FNA_A01,T04,17,MORTA,NA,NA,0.58,50.8,0.202682992,0.909611295,O,NA,NA,D,3,T04 P1,NA,16.72,NA,NA,NA,NA,20131023,715118.1637,8617049.392
FNA_A01,T04,18,UXIRANA,Sacoglottis guianensis,Humiriaceae,0.84,54.3,0.231573863,3.587025333,O,E,1,A,NA,T04 P1,19.91,28.45,3.6,3.9,3.8,4,20131023,715123.9809,8617058.289
FNA_A01,T04,19,MAMONINHA,Esenbeckia febrifuga,Rutaceae,0.64,8.2,0.005281017,0.014819976,O,S,2,A,NA,T04 P1,2.74,6.77,0.5,0.5,0.6,1,20131023,715126.7523,8617031.413
FNA_A01,T04,20,MAMONINHA,Esenbeckia febrifuga,Rutaceae,0.64,7.4,0.00430084,0.011708539,O,S,2,A,NA,T04 P1,3.38,6.56,0.6,0.7,0.3,0.5,20131023,715127.2072,8617032.487
FNA_A01,T04,21,MAMONINHA,Esenbeckia febrifuga,Rutaceae,0.64,9.8,0.007542964,0.029112996,O,S,2,A,NA,T04 P1,3.3,9.31,0.8,0.5,0.9,1,20131023,715126.613,8617032.404
FNA_A01,T04,22,MORTA,NA,NA,0.58,7.6,0.00453646,0.004899024,O,NA,NA,D,3,T04 P1,NA,2.93,NA,NA,NA,NA,20131023,715118.5367,8617025.208
FNA_A01,T04,23,MORTA,NA,NA,0.58,10.8,0.009160884,0.029298824,O,NA,NA,D,3,T04 P1,NA,11.05,NA,NA,NA,NA,20131023,715115.8596,8617029.881
FNA_A01,T04,24,EMBAUBA VERMELHA,Cecropia distachya,Urticaceae,0.358461538,9.6,0.007238229,0.011119003,O,S,1,A,NA,T04 P1,5.23,6.61,2,2.1,2,2.2,20131023,715108.9279,8617028.905
FNA_A01,T04,25,EMBAUBA VERMELHA,Cecropia distachya,Urticaceae,0.358461538,8.7,0.005944679,0.007521723,O,S,1,A,NA,T04 P1,4.79,5.45,1.5,1.7,1,1.3,20131023,715108.2163,8617026.785
FNA_A01,T04,26,MORTA,NA,NA,0.58,51.5,0.208307228,0.909545448,O,NA,NA,D,3,T04 P1,NA,16.17,NA,NA,NA,NA,20131023,715097.1843,8617026.243
FNA_A01,T04,27,MORTA,NA,NA,0.6,24.3,0.046376976,0.038752459,O,NA,NA,D,1,T04 P1,NA,2.05,NA,NA,NA,NA,20131023,715096.1641,8617011.962
FNA_A01,T04,28,MORTA,NA,NA,0.6,32.9,0.085012283,0.448974859,O,NA,NA,D,1,T04 P1,NA,19.57,NA,NA,NA,NA,20131023,715095.3132,8617010.832
FNA_A01,T04,29,MORTA,NA,NA,0.6,11.5,0.010386891,0.023667866,O,NA,NA,D,1,T04 P1,NA,7,NA,NA,NA,NA,20131023,715091.7701,8617007.304
FNA_A01,T04,30,MORTA,NA,NA,0.58,27.3,0.05853494,0.333482724,O,NA,NA,D,3,T04 P1,NA,22.38,NA,NA,NA,NA,20131023,715087.8092,8617006.747
FNA_A01,T04,31,EMBAUBA VERMELHA,Cecropia distachya,Urticaceae,0.358461538,6.9,0.003739281,0.005613686,O,S,1,A,NA,T04 P1,5.52,6.46,0.8,0.7,0.6,0.6,20131023,715086.9582,8617005.617
FNA_A01,T04,32,MORTA,NA,NA,0.58,41.3,0.133964579,0.780980068,O,NA,NA,D,3,T04 P2,NA,23.02,NA,NA,NA,NA,20131023,715071.5107,8617159.282
FNA_A01,T04,33,MORTA,NA,NA,0.7,18.8,0.027759113,0.077549344,O,NA,NA,D,2,T04 P2,NA,7.44,NA,NA,NA,NA,20131023,715064.5579,8617170.152
FNA_A01,T04,34,MORTA,NA,NA,0.6,10.8,0.009160884,0.035248671,O,NA,NA,D,1,T04 P2,NA,13.29,NA,NA,NA,NA,20131023,715065.7099,8617169.357
FNA_A01,T04,35,BACABA,Oenocarpus bacaba,Arecaceae,0.65,14.9,0.017436625,0.048475812,P,S,1,A,NA,T04 P2,6.54,8.38,0.6,0.5,0.4,0.6,20131023,715071.2588,8617172.473
FNA_A01,T04,36,MORTA,NA,NA,0.58,17.1,0.022965828,0.034406147,O,NA,NA,D,3,T04 P2,NA,4.37,NA,NA,NA,NA,20131023,715094.4285,8617161.702
FNA_A01,T04,37,MORTA,NA,NA,0.58,43,0.14522012,0.648759588,O,NA,NA,D,3,T04 P2,NA,16.63,NA,NA,NA,NA,20131023,715096.8006,8617159.718
FNA_A01,T04,38,MORTA,NA,NA,0.58,26.8,0.056410438,0.289606344,O,NA,NA,D,3,T04 P2,NA,19.71,NA,NA,NA,NA,20131023,715097.503,8617167.392
FNA_A01,T04,39,MORTA,NA,NA,0.58,52.4,0.215651486,1.421307212,O,NA,NA,D,3,T04 P2,NA,26.75,NA,NA,NA,NA,20131023,715098.7439,8617177.818
FNA_A01,T04,40,MORTA,NA,NA,0.7,23.3,0.042638481,0.237552339,O,NA,NA,D,2,T04 P2,NA,17.31,NA,NA,NA,NA,20131023,715092.221,8617197.939
FNA_A01,T04,41,MORTA,NA,NA,0.58,47,0.173494454,0.8129594,O,NA,NA,D,3,T04 P2,NA,17.63,NA,NA,NA,NA,20131023,715089.4058,8617202.484
FNA_A01,T04,42,MORTA,NA,NA,0.58,24.1,0.045616711,0.155213396,O,NA,NA,D,3,T04 P2,NA,11.92,NA,NA,NA,NA,20131023,715088.7242,8617206.425
FNA_A01,T04,43,MORTA,NA,NA,0.58,23.4,0.043005262,0.222635551,O,NA,NA,D,3,T04 P2,NA,19.91,NA,NA,NA,NA,20131023,715089.1465,8617192.248
FNA_A01,T04,44,FREIJO BRANCO,Cordia scabrifolia,Boraginaceae,0.474,20.2,0.032047387,0.097343902,O,S,1,A,NA,T04 P2,5.29,9.89,1.1,1.3,1.2,1,20131023,715081.9751,8617186.78
FNA_A01,T04,45,MORTA,NA,NA,0.7,20,0.031415927,0.145333126,O,NA,NA,D,2,T04 P2,NA,13.79,NA,NA,NA,NA,20131023,715061.0887,8617184.347
FNA_A01,T04,46,MORTA,NA,NA,0.58,15.9,0.019855651,0.020375384,O,NA,NA,D,3,T04 P3,NA,2.75,NA,NA,NA,NA,20131023,715057.3651,8617309.557
FNA_A01,T04,47,MORTA,NA,NA,0.58,31.6,0.078426719,0.364465186,O,NA,NA,D,3,T04 P3,NA,17.45,NA,NA,NA,NA,20131023,715030.6482,8617316.531
FNA_A01,T04,48,MORTA,NA,NA,0.58,15.8,0.01960668,0.045817018,O,NA,NA,D,3,T04 P3,NA,7.53,NA,NA,NA,NA,20131023,715039.4476,8617313.638
FNA_A01,T04,49,MORTA,NA,NA,0.58,22.2,0.038707563,0.125201557,O,NA,NA,D,3,T04 P3,NA,11.2,NA,NA,NA,NA,20131023,715041.3351,8617314.457
FNA_A01,T04,50,MORTA,NA,NA,0.58,16.5,0.021382465,0.066858112,O,NA,NA,D,3,T04 P3,NA,10.75,NA,NA,NA,NA,20131023,715048.0752,8617316.535
FNA_A01,T04,51,MORTA,NA,NA,0.58,31.3,0.076944673,0.228186257,O,NA,NA,D,3,T04 P3,NA,10.08,NA,NA,NA,NA,20131023,715047.5467,8617325.62
FNA_A01,T04,52,MORTA,NA,NA,0.58,20,0.031415927,0.083836205,O,NA,NA,D,3,T04 P3,NA,8.86,NA,NA,NA,NA,20131023,715047.3185,8617303.081
FNA_A01,T04,53,MORTA,NA,NA,0.6,12.6,0.012468981,0.015585216,O,NA,NA,D,1,T04 P3,NA,3.36,NA,NA,NA,NA,20131023,715066.5014,8617315.427
FNA_A01,T04,54,PINTADINHO,Poeppigia sp.,Fabaceae,0.69,30.7,0.074022992,0.495863123,O,E,1,A,NA,T04 P3,9.48,14.98,1,0,0.4,0.5,20131023,715073.5358,8617309.799
FNA_A01,T04,55,MORTA,NA,NA,0.58,45,0.159043128,0.83370548,O,NA,NA,D,3,T04 P3,NA,20.22,NA,NA,NA,NA,20131023,715073.2012,8617311.771
FNA_A01,T04,56,MORTA,NA,NA,0.7,29,0.066051986,0.414343828,O,NA,NA,D,2,T04 P3,NA,20.01,NA,NA,NA,NA,20131023,715074.0188,8617348.749
FNA_A01,T04,57,MORTA,NA,NA,0.58,16.1,0.020358306,0.033361328,O,NA,NA,D,3,T04 P3,NA,4.88,NA,NA,NA,NA,20131023,715046.6304,8617348.933
FNA_A01,T04,58,MORTA,NA,NA,0.58,38.4,0.115811672,0.945044443,O,NA,NA,D,3,T04 P3,NA,34.73,NA,NA,NA,NA,20131023,715041.4098,8617349.843
FNA_A01,T04,59,MORTA,NA,NA,0.58,12,0.011309734,0.018554745,O,NA,NA,D,3,T04 P3,NA,4.89,NA,NA,NA,NA,20131023,715029.9008,8617346.014
FNA_A01,T04,60,MORTA,NA,NA,0.7,24.3,0.046376976,0.324966129,O,NA,NA,D,2,T04 P3,NA,22.91,NA,NA,NA,NA,20131023,715035.2149,8617338.582
FNA_A01,T04,61,CARAPANAUBA,Aspidosperma nitidum,Apocynaceae,0.763327689,35.5,0.098979804,1.090470579,O,E,1,A,NA,T04 P3,13.13,22.27,0.7,0.5,0.6,0.7,20131023,715027.3737,8617331.052
FNA_A01,T04,62,MORTA,NA,NA,0.58,14.3,0.016060607,0.017677039,O,NA,NA,D,3,T04 P4,NA,3,NA,NA,NA,NA,20131023,715011.7829,8617447.441
FNA_A01,T04,63,MORTA,NA,NA,0.58,11.5,0.010386891,0.018701648,O,NA,NA,D,3,T04 P4,NA,5.47,NA,NA,NA,NA,20131023,715009.5468,8617454.304
FNA_A01,T04,64,MAMONINHA,Esenbeckia febrifuga,Rutaceae,0.64,8.5,0.005674502,0.019819103,O,E,1,A,NA,T04 P4,3.19,8.42,1,0.9,0.8,1,20131023,715013.2153,8617456.488
FNA_A01,T04,65,MORTA,NA,NA,0.58,28.8,0.065144065,0.240033879,O,NA,NA,D,3,T04 P4,NA,13.14,NA,NA,NA,NA,20131023,715053.3187,8617459.133
FNA_A01,T04,66,MORTA,NA,NA,0.58,16.9,0.022431757,0.045951965,O,NA,NA,D,3,T04 P4,NA,6.41,NA,NA,NA,NA,20131023,715045.5561,8617474.247
FNA_A01,T04,67,MORTA,NA,NA,0.58,20,0.031415927,0.110054053,O,NA,NA,D,3,T04 P4,NA,12.35,NA,NA,NA,NA,20131023,715046.3549,8617475.458
FNA_A01,T04,68,MORTA,NA,NA,0.58,19.2,0.028952918,0.114700057,O,NA,NA,D,3,T04 P4,NA,14.36,NA,NA,NA,NA,20131023,715041.6023,8617490.758
FNA_A01,T04,69,MORTA,NA,NA,0.6,51,0.204282062,0.554640378,O,NA,NA,D,1,T04 P4,NA,8.68,NA,NA,NA,NA,20131023,715024.692,8617488.883
FNA_A01,T04,70,MORTA,NA,NA,0.7,25.4,0.050670748,0.330191508,O,NA,NA,D,2,T04 P4,NA,20.96,NA,NA,NA,NA,20131023,715025.3156,8617491.078
FNA_A01,T04,71,MORTA,NA,NA,0.58,37.2,0.108686539,0.291524689,O,NA,NA,D,3,T04 P4,NA,8.91,NA,NA,NA,NA,20131023,715045.8694,8617500.975
FNA_A01,T04,72,MORTA,NA,NA,0.58,37.6,0.111036451,0.532084788,O,NA,NA,D,3,T04 P4,NA,18.12,NA,NA,NA,NA,20131023,715044.993,8617505.898
FNA_A01,T04,73,MORTA,NA,NA,0.58,36.5,0.10463467,0.522244532,O,NA,NA,D,3,T04 P4,NA,19.04,NA,NA,NA,NA,20131023,715045.3436,8617503.929
FNA_A01,T04,74,MORTA,NA,NA,0.58,23.9,0.044862728,0.056936971,O,NA,NA,D,3,T04 P4,NA,3.57,NA,NA,NA,NA,20131023,715024.8874,8617499.18
FNA_A01,T05,1,MORTA,NA,NA,0.7,22.85,0.041007405,0.184574645,O,NA,NA,D,2,T05 P1,NA,13.33,NA,NA,NA,NA,20131023,714881.499,8616988.752
FNA_A01,T05,2,MORTA,NA,NA,0.7,26.2,0.053912872,0.153077146,O,NA,NA,D,2,T05 P1,NA,7.59,NA,NA,NA,NA,20131023,714892.1676,8616981.795
FNA_A01,T05,3,MORTA,NA,NA,0.58,14.3,0.016060607,0.039103453,O,NA,NA,D,3,T05 P1,NA,7.92,NA,NA,NA,NA,20131023,714897.2732,8616981.473
FNA_A01,T05,4,MORTA,NA,NA,0.58,31.8,0.079422604,0.352453443,O,NA,NA,D,3,T05 P1,NA,16.49,NA,NA,NA,NA,20131023,714901.1025,8616976.258
FNA_A01,T05,5,MORTA,NA,NA,0.58,45,0.159043128,0.602886562,O,NA,NA,D,3,T05 P1,NA,13.6,NA,NA,NA,NA,20131023,714925.3632,8617002.85
FNA_A01,T05,6,MORTA,NA,NA,0.58,10.5,0.008659015,0.02375061,O,NA,NA,D,3,T05 P1,NA,9.16,NA,NA,NA,NA,20131023,714925.0713,8617018.024
FNA_A01,T05,7,MORTA,NA,NA,0.58,38.1,0.114009183,0.641080197,O,NA,NA,D,3,T05 P1,NA,22.03,NA,NA,NA,NA,20131023,714914.2371,8617016.122
FNA_A01,T05,8,MORTA,NA,NA,0.58,22.2,0.038707563,0.175707879,O,NA,NA,D,3,T05 P1,NA,16.96,NA,NA,NA,NA,20131023,714911.8149,8617018.742
FNA_A01,T05,9,MORTA,NA,NA,0.58,46.3,0.168365019,0.949254679,O,NA,NA,D,3,T05 P2,NA,22.1,NA,NA,NA,NA,20131023,714862.3311,8617126.175
FNA_A01,T05,10,MORTA,NA,NA,0.58,13.5,0.014313882,0.058133167,O,NA,NA,D,3,T05 P2,NA,14.8,NA,NA,NA,NA,20131023,714864.7999,8617129.71
FNA_A01,T05,11,MORTA,NA,NA,0.58,17.4,0.023778715,0.089850647,O,NA,NA,D,3,T05 P2,NA,13.55,NA,NA,NA,NA,20131023,714860.9623,8617147.291
FNA_A01,T05,12,MORTA,NA,NA,0.58,30.5,0.073061664,0.08470452,O,NA,NA,D,3,T05 P2,NA,3.2,NA,NA,NA,NA,20131023,714897.4993,8617165.6
FNA_A01,T05,13,MORTA,NA,NA,0.58,40.2,0.126923485,0.712243856,O,NA,NA,D,3,T05 P2,NA,21.97,NA,NA,NA,NA,20131023,714895.6947,8617164.23
FNA_A01,T05,14,MORTA,NA,NA,0.58,37.3,0.109271661,0.645782987,O,NA,NA,D,3,T05 P3,NA,23.41,NA,NA,NA,NA,20131023,714876.3845,8617278.474
FNA_A01,T05,15,MORTA,NA,NA,0.58,20.8,0.033979466,0.155109313,O,NA,NA,D,3,T05 P3,NA,17.07,NA,NA,NA,NA,20131023,714874.0829,8617298.362
FNA_A01,T05,16,MORTA,NA,NA,0.7,19.4,0.029559245,0.105795352,O,NA,NA,D,2,T05 P3,NA,10.08,NA,NA,NA,NA,20131023,714842.3375,8617312.432
FNA_A01,T05,17,MORTA,NA,NA,0.58,17.1,0.022965828,0.056809553,O,NA,NA,D,3,T05 P3,NA,8.07,NA,NA,NA,NA,20131023,714841.515,8617311.284
FNA_A01,T05,18,MORTA,NA,NA,0.58,14.1,0.015614501,0.049928789,O,NA,NA,D,3,T05 P3,NA,11.05,NA,NA,NA,NA,20131023,714850.2319,8617295.482
FNA_A01,T05,19,MORTA,NA,NA,0.7,53,0.220618344,1.982438898,O,NA,NA,D,2,T05 P3,NA,31.05,NA,NA,NA,NA,20131023,714835.6911,8617295.135
FNA_A01,T05,20,MUUBA,Bellucia grossularioides,Melastomataceae,0.61,27.1,0.057680427,0.312090634,O,E,1,A,NA,T05 P3,7.98,13.69,4,3.6,3,2.8,20131023,714834.6064,8617310.157
FNA_A01,T05,21,MORTA,NA,NA,0.58,12.8,0.012867964,0.043475043,O,NA,NA,D,3,T05 P4,NA,11.82,NA,NA,NA,NA,20131023,714810.2109,8617463.226
FNA_A01,T05,22,MORTA,NA,NA,0.58,10.8,0.009160884,0.016834541,O,NA,NA,D,3,T05 P4,NA,5.61,NA,NA,NA,NA,20131023,714812.0636,8617464.201
FNA_A01,T05,23,MORTA,NA,NA,0.7,14.8,0.017203361,0.052645908,O,NA,NA,D,2,T05 P4,NA,8.32,NA,NA,NA,NA,20131023,714812.2847,8617464.652
FNA_A01,T05,24,MORTA,NA,NA,0.58,11.3,0.010028749,0.025646415,O,NA,NA,D,3,T05 P4,NA,8.41,NA,NA,NA,NA,20131023,714811.0273,8617464.303
FNA_A01,T05,25,MORTA,NA,NA,0.58,75.5,0.447696588,2.279263369,O,NA,NA,D,3,T05 P4,NA,19.51,NA,NA,NA,NA,20131023,714817.1855,8617442.176
FNA_A01,T05,26,TANIBUCA,Terminalia amazonia,Combretaceae,0.68038,7.8,0.004778362,0.017059003,O,S,1,A,NA,T05 P4,6.41,8.1,2.1,1.6,1.5,1,20131023,714818.0569,8617442.958
FNA_A01,T05,27,TANIBUCA,Terminalia amazonia,Combretaceae,0.68038,9.1,0.006503882,0.01603101,O,S,1,A,NA,T05 P4,3.57,5.59,2.3,1.7,1.6,1.3,20131023,714818.2532,8617442.996
FNA_A01,T05,28,MORTA,NA,NA,0.58,20,0.031415927,0.047560781,O,NA,NA,D,3,T05 P4,NA,4.43,NA,NA,NA,NA,20131023,714826.9862,8617427.793
FNA_A01,T05,29,MAMONINHA,Esenbeckia febrifuga,Rutaceae,0.64,7.3,0.004185387,0.010562374,O,S,1,A,NA,T05 P4,2.66,6.08,2.6,1.8,1.6,1.5,20131023,714857.1588,8617429.631
FNA_A01,T05,30,MORTA,NA,NA,0.58,31.5,0.077931133,0.140763619,O,NA,NA,D,3,T05 P4,NA,5.5,NA,NA,NA,NA,20131023,714850.5506,8617448.716
