area,transect,tree,common_name,scienfic_name,family_name,WSD,DBH,BA,AGB,type,canopy,Light,Dead,D_class,Hcom,Htot,RN,RS,RE,RW,Date,UTM_Easting,UTM_Northing
FST_A01,T01,1,MUIRAPIRANGA,Brosimum rubescens,Moraceae,0.825151429,13.6,0.014526724,0.151940343,O,S,1,A,NA,11.24,19.56,2.5,2.8,1,2.3,20131118,587710.9825,9821885.241
FST_A01,T01,2,CARAPANAUBA,Aspidosperma nitidum,Apocynaceae,0.763327689,11.6,0.010568318,0.076589941,O,S,2,A,NA,7.26,14.65,1.8,1.6,1.7,1.6,20131118,587708.5653,9821888.458
FST_A01,T01,3,CORAÇAO DE NEGRO,Swartzia corrugata,Fabaceae,1.0565,40,0.125663706,2.562283696,O,C,1,A,NA,23.11,29.78,7,1.2,4.3,3.3,20131118,587705.9342,9821894.535
FST_A01,T01,4,BREU,Protium hepytaphillum ,Burseraceae,0.629,11.1,0.009676891,0.051819431,O,S,2,A,NA,7.69,13.14,3.9,1.3,2.4,2.3,20131118,587702.1446,9821893.9
FST_A01,T01,5,ITAUBA,Mezilaurus itauba,Lauraceae,0.720305556,100.2,0.788542898,18.99623864,O,C,1,A,NA,32.58,51.61,11.8,6.2,6.6,8.2,20131118,587696.2038,9821894.51
FST_A01,T01,6,LOURO PRETO,Nectandra cuspidata,Lauraceae,0.56,30.8,0.074506011,1.120577127,O,C,2,A,NA,29.24,41.44,3,3.8,1.6,6.8,20131118,587692.7628,9821897.703
FST_A01,T01,7,BREU,Protium hepytaphillum ,Burseraceae,0.629,13,0.013273229,0.090869113,O,S,2,A,NA,9.81,16.79,2.2,1.7,2,2.1,20131118,587695.5423,9821900.838
FST_A01,T01,8,PURUI,Alibertia edulis,Rubiaceae,0.76,14.5,0.016512996,0.155259586,O,S,2,A,NA,13.85,19.09,2.7,1.5,1.6,3.2,20131118,587689.6922,9821900.7
FST_A01,T01,9,MORTA,NA,NA,0.58,42.5,0.141862543,1.160396277,O,NA,NA,D,3,NA,34.83,NA,NA,NA,NA,20131118,587690.4693,9821901.878
FST_A01,T01,10,BREU,Protium hepytaphillum ,Burseraceae,0.629,10.9,0.009331316,0.070090457,O,S,2,A,NA,13.75,18.43,2.6,1.6,2.7,2,20131118,587686.281,9821905.735
FST_A01,T01,11,LOURO PRETO,Nectandra cuspidata,Lauraceae,0.56,21,0.034636059,0.268344123,O,C,2,A,NA,14.36,21.35,2.1,1,1.2,2.2,20131118,587686.424,9821905.875
FST_A01,T01,12,BREU BRANCO,Protium paniculatum,Burseraceae,0.49,14.6,0.016741547,0.127785326,O,S,2,A,NA,10.01,24.04,3,2.7,2.2,3.4,20131118,587686.002,9821908.252
FST_A01,T01,13,MUIRATINGA,Maquira sclerophylla,Moraceae,0.53,22.5,0.039760782,0.368015713,O,S,2,A,NA,16.8,26.95,4.8,3.2,2.3,4.7,20131118,587684.2446,9821911.416
FST_A01,T01,14,MAPATIRANA,Pourouma minor,Urticaceae,0.444604162,20.2,0.032047387,0.273720367,O,S,2,A,NA,22.11,29.64,1.8,1.7,1,4.8,20131118,587681.7061,9821910.47
FST_A01,T01,15,BREU BRANCO,Protium paniculatum,Burseraceae,0.49,23.3,0.042638481,0.372872418,O,C,2,A,NA,21.25,27.54,1.7,3.2,1.9,3.6,20131118,587680.6991,9821912.833
FST_A01,T01,16,CAJUAÇU,Anacardium spruceanum,Anacardiaceae,0.479166667,44.3,0.154133604,1.687410298,O,E,1,A,NA,23.3,35.25,5,3.4,4.4,2.6,20131118,587696.6795,9821927.056
FST_A01,T01,17,ABIU CUTITE,Pouteria macrophilla,Sapotaceae,0.737,80,0.502654825,10.93263939,O,E,1,A,NA,32.35,45.54,3.7,11,13.3,6.8,20131118,587704.7393,9821926.565
FST_A01,T01,18,LOURO PRETO,Nectandra cuspidata,Lauraceae,0.56,37.6,0.111036451,1.304465611,O,C,2,A,NA,18.71,32.37,5.8,5,5.2,5.3,20131118,587712.9279,9821920.619
FST_A01,T01,19,GUAJARA,Pouteria sp.,Sapotaceae,0.781766198,82,0.528101725,11.2790538,O,C,2,A,NA,29.33,42.16,6.3,6.6,6.4,7.3,20131118,587712.3736,9821913.103
FST_A01,T01,20,FREIJO BRANCO,Cordia scabrifolia,Boraginaceae,0.474,40.7,0.13010042,1.235438346,O,C,2,A,NA,19.88,30.91,9.4,1.2,2.7,2.2,20131118,587722.5146,9821917.435
FST_A01,T01,21,INGA VERMELHO,Inga alba,Fabaceae,0.586080352,40.1,0.12629281,1.548182887,O,C,2,A,NA,22.39,32.27,7.3,3.7,4.3,9.4,20131118,587740.8764,9821914.458
FST_A01,T01,22,ABIURANA BRANCA,Pouteria guianensis,Sapotaceae,0.929561667,40.1,0.12629281,2.526229265,O,C,2,A,NA,18.97,33.2,3.8,3.2,5.3,8,20131118,587739.4782,9821911.697
FST_A01,T01,23,GUAJARA BRANCO,Pouteria sp.,Sapotaceae,0.781766198,18.7,0.027464588,0.236772404,O,S,1,A,NA,12.83,17.02,0.3,0.3,0.4,0.3,20131118,587712.2169,9821882.542
FST_A01,T01,24,LOURO PRETO,Nectandra cuspidata,Lauraceae,0.56,31.6,0.078426719,0.875367053,O,C,1,A,NA,19.6,30.75,5.3,2.3,2.8,6.5,20131118,587712.3342,9821883.773
FST_A01,T01,25,BREU BRANCO,Protium paniculatum,Burseraceae,0.49,14.6,0.016741547,0.102603637,O,S,1,A,NA,13.5,19.3,0.9,2,1.7,4.7,20131118,587598.7819,9821985.699
FST_A01,T01,26,ABIURANA CASCA FINA,Pouteria retinervis,Sapotaceae,0.783318031,23.3,0.042638481,0.53751337,O,S,1,A,NA,16.75,24.83,5,0.8,1.6,2.3,20131118,587590.6649,9821994.402
FST_A01,T01,27,MORTA,NA,NA,0.6,48.8,0.18703786,0.411927361,O,NA,NA,D,1,NA,6.72,NA,NA,NA,NA,20131118,587583.3611,9821995.157
FST_A01,T01,28,MUIRATINGA,Maquira sclerophylla,Moraceae,0.53,10.8,0.009160884,0.051091903,O,S,1,A,NA,8.58,16.24,3.8,0.7,1.7,1.4,20131118,587574.9777,9822004.88
FST_A01,T01,29,CARIPE,Licania octandra,Chrysobalanaceae,0.825,27.3,0.05853494,0.758402435,O,S,1,A,NA,17.59,24.23,8.3,0,4.2,3.4,20131118,587574.2501,9822006.429
FST_A01,T01,30,PAPO DE MUTUM,Lacunaria jenmanii,Quiinaceae,0.804333333,12.8,0.012867964,0.097075745,O,S,1,A,NA,7.65,14.47,3.7,2.3,1.1,3,20131118,587569.8103,9822006.563
FST_A01,T01,31,MORTA,NA,NA,0.58,53,0.220618344,0.347541429,O,NA,NA,D,3,NA,4.65,NA,NA,NA,NA,20131118,587588.4046,9822020.595
FST_A01,T01,32,GUAJARA,Pouteria sp.,Sapotaceae,0.781766198,39.6,0.123162998,1.723964405,O,C,1,A,NA,20.79,27.63,6,1.6,1.7,4.8,20131118,587597.1473,9822035.468
FST_A01,T01,33,CARAMUXI,Pouteria hispida,Sapotaceae,0.87,37.3,0.109271661,1.867010075,O,C,1,A,NA,25.89,30.3,6.4,2.5,1.6,2.7,20131118,587600.1783,9822032.858
FST_A01,T01,34,TAMARINO,Tamarindus indica,Fabaceae,0.64,54.5,0.233282889,1.121171479,O,S,1,A,NA,8.02,11.59,0.2,0.3,0.3,0.2,20131118,587602.5167,9822029.527
FST_A01,T01,35,SAPUCAIA,Lecythis pisonis,Lecythidaceae,0.852360511,87.6,0.602695701,13.7580743,O,E,1,A,NA,30.93,41.32,3.4,4.8,3.2,5.3,20131118,587604.0322,9822028.222
FST_A01,T01,36,GUAJARA,Pouteria sp.,Sapotaceae,0.781766198,65,0.331830724,5.717221876,O,C,1,A,NA,23.47,34.01,2,0.3,0.2,0.2,20131118,587602.3457,9822017.814
FST_A01,T01,37,BREU MANGA,Tetragastris altissima,Burseraceae,0.707804286,140.3,1.545984813,32.85512518,O,E,1,A,NA,21.59,46.33,22.2,11.6,17.7,14,20131118,587623.6036,9822014.004
FST_A01,T01,38,LOURO PIMENTA,Ocotea canaliculata,Lauraceae,0.479426667,37,0.107521009,1.17341634,O,C,2,A,NA,22.05,35.12,6.3,3.6,5.6,5,20131118,587628.5819,9822016.305
FST_A01,T01,39,PIQUIARANA,Caryocar glabrum,Caryocaraceae,0.6758827,40.4,0.128189547,1.682056996,O,C,2,A,NA,21.97,29.96,3.2,9.5,7.7,4,20131118,587632.9329,9822016.512
FST_A01,T01,40,LOURO,Ocotea sp.,Lauraceae,0.500567938,60.3,0.285577841,3.236961759,O,C,2,A,NA,25.86,34.94,7.6,10.7,5.3,5,20131118,587619.6437,9822005.554
FST_A01,T01,41,GUAJARA BOLACHA,Pouteria oppositifolia,Sapotaceae,0.65,40.4,0.128189547,1.384474935,O,C,2,A,NA,19.29,25.64,2.8,5,4.5,5.3,20131118,587610.8114,9822007.889
FST_A01,T01,42,QUINARANA,Geissospermum sericeum,Apocynaceae,0.782,35,0.096211275,0.891126672,O,S,2,A,NA,9.36,18.28,2.1,6,3.4,5.7,20131118,587603.8857,9822000.675
FST_A01,T01,43,CUPIUBA,Goupia glabra,Goupiaceae,0.7272025,90,0.636172512,11.47435169,O,C,2,A,NA,20.48,38.27,7.4,10.3,16.3,4.7,20131118,587603.519,9821993.084
FST_A01,T01,44,MURTA,Strychnos subcordata,Loganiaceae,0.54,13.5,0.014313882,0.120198203,O,S,2,A,NA,16.57,23.99,1.2,0.8,2.2,0.4,20131118,587496.7756,9822078.996
FST_A01,T01,45,PINTADINHO,Poeppigia sp.,Fabaceae,0.69,25.5,0.051070516,0.612828123,O,S,2,A,NA,15.61,26.83,2.3,2.1,4.2,1.4,20131118,587495.9355,9822077.876
FST_A01,T01,46,MATAMATA BRANCO,Eschweilera coriacea,Lecythidaceae,0.852013744,18,0.0254469,0.437478237,O,S,2,A,NA,18.84,31.13,3,1.5,1.2,1.4,20131118,587495.9806,9822080.259
FST_A01,T01,47,ENVIRA CANA,Xylopia cayennensis,Annonaceae,0.57,25,0.049087385,0.523830149,O,S,1,A,NA,19.42,28.89,0,6.7,1,1.2,20131118,587495.2865,9822083.315
FST_A01,T01,48,MORTA,NA,NA,0.58,53.1,0.221451652,0.754126721,O,NA,NA,D,3,NA,11.93,NA,NA,NA,NA,20131118,587495.95,9822087.019
FST_A01,T01,49,BREU BRANCO,Protium paniculatum,Burseraceae,0.49,13.2,0.013684778,0.066880321,O,S,1,A,NA,11.33,15.39,3.7,0.2,1.8,3.8,20131118,587493.8271,9822083.028
FST_A01,T01,50,CUPIUBA,Goupia glabra,Goupiaceae,0.7272025,69.7,0.381553496,6.021710031,O,E,1,A,NA,18.36,33.49,9.7,10.2,10,8.6,20131118,587490.9709,9822087.515
FST_A01,T01,51,UCUUBA,Virola melinoni,Myristicaceae,0.476163695,14.2,0.015836769,0.042479335,O,S,1,A,NA,4.9,8.69,0.7,4.7,2.5,2.7,20131118,587483.7173,9822092.776
FST_A01,T01,52,MORTA,NA,NA,0.58,35.8,0.10065977,0.409550462,O,NA,NA,D,3,NA,14.83,NA,NA,NA,NA,20131118,587478.3196,9822099.847
FST_A01,T01,53,ABIURANA CASCA FINA,Pouteria retinervis,Sapotaceae,0.783318031,13,0.013273229,0.060330036,O,S,2,A,NA,5.27,8.95,1.1,2.1,1,1.2,20131118,587472.8672,9822105.352
FST_A01,T01,54,ABIURANA VERMELHA,Pouteria gongrijpii,Sapotaceae,0.799402922,33,0.08552986,1.381599063,O,C,2,A,NA,14.88,31.18,4.7,3.7,3.6,4.8,20131118,587463.4783,9822113.904
FST_A01,T01,55,INGA CHICHICA,Inga heterophylla,Fabaceae,0.56,12.9,0.013069811,0.103455364,O,S,2,A,NA,11.66,21.81,2.5,2,2.2,2,20131118,587459.8212,9822111.849
FST_A01,T01,56,PARICARANA,Dimorphandra macrostachya,Fabaceae,0.6,36.5,0.10463467,1.318856905,O,C,2,A,NA,24.11,32.41,7,1,3,3.7,20131118,587468.5573,9822117.357
FST_A01,T01,57,MORTA,NA,NA,0.6,56.8,0.253388297,1.92008129,O,NA,NA,D,1,NA,30.44,NA,NA,NA,NA,20131118,587473.1322,9822111.843
FST_A01,T01,58,FAVA BOLOTA,Parkia pendula,Fabaceae,0.53,50.4,0.1995037,2.463474511,O,C,1,A,NA,25.01,35.95,7,3.2,4,10,20131118,587473.6363,9822120.81
FST_A01,T01,59,MASSARANDUBA,Manilkara huberi,Sapotaceae,0.93,54.5,0.233282889,4.912482595,O,E,1,A,NA,21.56,34.94,3.9,2.8,6.7,4.4,20131118,587485.177,9822134.536
FST_A01,T01,60,CARAMURI,Parkia paraensis,Fabaceae,0.41,38.2,0.114608442,1.119131409,O,C,1,A,NA,20.6,36.75,0.3,6,3.4,4.5,20131118,587484.481,9822141.902
FST_A01,T01,61,QUINARANA,Geissospermum sericeum,Apocynaceae,0.782,45.5,0.162597055,3.80711415,O,S,2,A,NA,21.85,46.2,5,6.3,5,5.6,20131118,587489.9776,9822140.935
FST_A01,T01,62,CUPIUBA,Goupia glabra,Goupiaceae,0.7272025,86,0.580880482,5.014953915,O,E,1,A,NA,12.33,18.32,8.3,8,9.5,12,20131118,587488.6815,9822147.502
FST_A01,T01,63,PIQUIARANA,Caryocar glabrum,Caryocaraceae,0.6758827,51,0.204282062,2.936268345,O,C,2,A,NA,23.87,32.81,4,3.6,5,3.7,20131118,587493.0739,9822136.768
FST_A01,T01,64,PAU DE REMO,Chimarrhis turbinata,Rubiaceae,0.72,76,0.453645979,7.552203035,O,C,2,A,NA,26.37,35.68,9,5.5,8,5,20131118,587499.4923,9822140.348
FST_A01,T01,65,CARAMUXI,Pouteria hispida,Sapotaceae,0.87,47,0.173494454,3.180797459,O,C,2,A,NA,18.48,32.52,7.8,4,5.4,5.8,20131118,587488.2301,9822123.675
FST_A01,T01,66,FAVA ORELHA DE MACACO,Enterolobium schomburgkii,Fabaceae,0.711902716,74.7,0.438259244,8.089124333,O,E,1,A,NA,19.32,40.01,3.2,13,12,10,20131118,587488.3693,9822122.202
FST_A01,T01,67,PAU DE REMO,Chimarrhis turbinata,Rubiaceae,0.72,49.4,0.191665426,2.168028117,O,C,2,A,NA,15.29,24.24,1.8,2.2,2.8,3,20131118,587482.8294,9822116.476
FST_A01,T01,68,CUTITIRIBA,Pouteria sp.,Sapotaceae,0.781766198,39.2,0.120687423,0.50930077,O,S,2,A,NA,5.02,8.33,0.9,1.7,1.6,1,20131118,587492.5265,9822121.108
FST_A01,T01,69,QUINARANA,Geissospermum sericeum,Apocynaceae,0.782,42.1,0.139204756,2.101816188,O,C,2,A,NA,15.19,29.79,2.3,10,4.3,3.5,20131118,587495.5269,9822125.108
FST_A01,T01,70,ITAUBA,Mezilaurus itauba,Lauraceae,0.720305556,97,0.738981132,13.46123452,O,C,1,A,NA,28.14,39.02,5.6,6.4,6.6,5.4,20131118,587501.4844,9822126.414
FST_A01,T01,71,QUINARANA,Geissospermum sericeum,Apocynaceae,0.782,44.7,0.156929622,2.091004703,O,S,2,A,NA,19.83,26.29,4.3,4,4.2,2.5,20131118,587505.6417,9822125.32
FST_A01,T01,72,CARAMUXI,Pouteria hispida,Sapotaceae,0.87,43.1,0.145896348,2.342796041,O,S,2,A,NA,23.59,28.48,5,3,5.7,2.8,20131118,587509.8422,9822130.92
FST_A01,T01,73,BREU BRANCO,Protium paniculatum,Burseraceae,0.49,35.6,0.099538222,0.833132157,O,C,2,A,NA,16.7,26.36,6,1.8,4.7,3,20131118,587517.3742,9822122.713
FST_A01,T01,74,CORAÇAO DE NEGRO,Swartzia corrugata,Fabaceae,1.0565,70,0.3848451,9.186070247,O,C,2,A,NA,27.71,34.86,4.8,1.7,2,4.7,20131118,587513.4521,9822114.166
FST_A01,T01,75,ABIURANA VERMELHA,Pouteria gongrijpii,Sapotaceae,0.799402922,41,0.132025431,1.929499757,O,C,1,A,NA,21.93,28.21,3.2,1.3,2.2,4.6,20131118,587513.1737,9822117.113
FST_A01,T01,76,TAXI VERMELHO,Tachigali alba,Fabaceae,0.560284357,16.1,0.020358306,0.165495762,O,S,2,A,NA,14.72,22.39,3,2.7,2.6,1.7,20131118,587375.4896,9822191.398
FST_A01,T01,77,ABIURANA CASCA FINA,Pouteria retinervis,Sapotaceae,0.783318031,20,0.031415927,0.363360033,O,S,2,A,NA,13.73,22.78,2,4.7,2.3,4.4,20131118,587373.8983,9822197.4
FST_A01,T01,78,ABIURANA VERMELHA,Pouteria gongrijpii,Sapotaceae,0.799402922,40,0.125663706,1.972595592,O,C,2,A,NA,18.11,30.3,2.3,5.6,2.9,2.4,20131118,587384.5689,9822193.161
FST_A01,T01,79,MORTA,NA,NA,0.6,72.1,0.408282167,0.884101125,O,NA,NA,D,1,NA,6.58,NA,NA,NA,NA,20131118,587385.9689,9822201.305
FST_A01,T01,80,MASSARANDUBA,Manilkara huberi,Sapotaceae,0.93,46.4,0.169093083,2.256558736,O,C,2,A,NA,15.06,22.14,1.7,1.5,1.8,2,20131118,587385.4952,9822207.106
FST_A01,T01,81,TANIBUCA,Terminalia amazonia,Combretaceae,0.68038,90,0.636172512,13.27258603,O,C,2,A,NA,27.35,47.32,7.5,4.6,8.4,6,20131118,587376.3964,9822200.524
FST_A01,T01,82,MASSARANDUBA,Manilkara huberi,Sapotaceae,0.93,42.5,0.141862543,3.212202618,O,C,1,A,NA,27.79,37.57,6.2,2,2.7,4,20131118,587373.3062,9822204.651
FST_A01,T01,83,TIMBORANA,Pseudopiptadenia suaveolens,Fabaceae,0.679712857,60,0.282743339,5.661699149,O,C,1,A,NA,26.83,45.46,8,5.6,3.7,8.7,20131118,587382.6742,9822216.366
FST_A01,T01,84,TAXI VERMELHO,Tachigali alba,Fabaceae,0.560284357,35.2,0.097313974,1.013394255,O,S,2,A,NA,21.27,28.68,6,6.3,6.2,5.3,20131118,587376.6261,9822220.471
FST_A01,T01,85,LOURO PRETO,Nectandra cuspidata,Lauraceae,0.56,39.5,0.122541748,1.609860158,O,C,2,A,NA,27.16,36.2,4,3.2,3,2.1,20131118,587369.3221,9822202.866
FST_A01,T01,86,ABIURANA VERMELHA,Pouteria gongrijpii,Sapotaceae,0.799402922,51.5,0.208307228,3.963671182,O,C,1,A,NA,27.62,36.73,1.5,4.3,1.8,4.2,20131118,587364.1214,9822207.551
FST_A01,T01,87,ATAMEJU,Annona ambotay,Annonaceae,0.413,16.7,0.021903969,0.11004344,O,S,1,A,NA,5.01,18.77,3.3,3.3,2,3.6,20131118,587362.798,9822206.056
FST_A01,T01,88,ABIURANA BRANCA,Pouteria guianensis,Sapotaceae,0.929561667,17.4,0.023778715,0.284060738,O,S,1,A,NA,13.19,19.83,3,2.3,1.7,3.1,20131118,587351.2843,9822213.876
FST_A01,T01,89,PARAPARA,Jacaranda copaia,Bignoniaceae,0.353578132,13.2,0.013684778,0.050743601,O,S,1,A,NA,13.41,16.18,0.6,1.2,0.2,3,20131118,587348.0562,9822214.635
FST_A01,T01,90,MORTA,NA,NA,0.6,40,0.125663706,0.967593603,O,NA,NA,D,1,NA,31.04,NA,NA,NA,NA,20131118,587358.4795,9822226.071
FST_A01,T01,91,TIMBORANA,Pseudopiptadenia suaveolens,Fabaceae,0.679712857,77,0.465662571,10.83708512,O,E,1,A,NA,26.04,52.83,7.4,9,9.2,11,20131118,587375.2236,9822248.608
FST_A01,T01,92,QUINARANA,Geissospermum sericeum,Apocynaceae,0.782,55.1,0.238447668,2.626395911,O,S,2,A,NA,16.76,21.73,2.7,4.8,1.2,5.3,20131118,587401.7332,9822227.412
FST_A01,T01,93,TAXI VERMELHO,Tachigali alba,Fabaceae,0.560284357,42.5,0.141862543,1.306050634,O,C,1,A,NA,14.12,25.35,4.5,3.7,6.5,3.8,20131118,587403.0683,9822219.491
FST_A01,T02,1,MATAMATA BRANCO,Eschweilera coriacea,Lecythidaceae,0.852013744,13.2,0.013684778,0.11531968,O,S,2,A,NA,3.38,15.26,3,2.7,2.7,2.5,20131119,587316.4276,9820665.597
FST_A01,T02,2,INGA,Inga marginata,Fabaceae,0.573055556,48.7,0.186272097,2.332162803,O,C,2,A,NA,26.07,33.71,2,7,3.3,4.3,20131119,587312.8833,9820672.1
FST_A01,T02,3,LOURO PIMENTA,Ocotea canaliculata,Lauraceae,0.479426667,47.9,0.18020254,1.844333196,O,C,1,A,NA,21.2,32.94,6.5,4.5,3,6.4,20131119,587315.8723,9820675.596
FST_A01,T02,4,MORTA,NA,NA,0.58,86,0.580880482,4.625031326,O,NA,NA,D,3,NA,33.7,NA,NA,NA,NA,20131119,587309.9289,9820677.771
FST_A01,T02,5,ABIURANA VERMELHA,Pouteria gongrijpii,Sapotaceae,0.799402922,13,0.013273229,0.123005012,O,S,2,A,NA,11.48,17.89,2.4,1.7,2,2.8,20131119,587305.8853,9820671.672
FST_A01,T02,6,MUIRATINGA,Maquira sclerophylla,Moraceae,0.53,36,0.101787602,1.144431722,O,C,1,A,NA,24.5,32.73,2.8,2,2.3,2.8,20131119,587301.8912,9820678.104
FST_A01,T02,7,SERINGARANA,Hevea sp.,Euphorbiaceae,0.515536777,36,0.101787602,0.957870808,O,C,2,A,NA,18.45,28.17,5.3,2.3,4,3.4,20131119,587302.3307,9820687.137
FST_A01,T02,8,CARAPANAUBA,Aspidosperma nitidum,Apocynaceae,0.763327689,74.8,0.439433414,6.460305927,O,E,1,A,NA,17.5,29.72,5.7,6.2,7.4,5.5,20131119,587299.2063,9820694.892
FST_A01,T02,9,MASSARANDUBA,Manilkara huberi,Sapotaceae,0.93,37.5,0.110446617,2.472988071,O,C,2,A,NA,27.5,37.15,2,4,4.6,3.5,20131119,587292.0836,9820688.841
FST_A01,T02,10,MAPARAJUBA,Manilkara amazonica,Sapotaceae,0.883636668,62.1,0.302881733,7.484152333,O,C,2,A,NA,27.77,43.15,5.7,7.8,10.6,4.3,20131119,587287.6347,9820692.764
FST_A01,T02,11,MERAUBA,Mouriri collocarpa,Melastomataceae,0.833333333,13.5,0.014313882,0.123215938,O,S,2,A,NA,9.63,15.94,4.3,1.6,1.8,4.2,20131119,587291.0143,9820680.897
FST_A01,T02,12,GUAJARA,Pouteria sp.,Sapotaceae,0.781766198,46.3,0.168365019,2.715075494,O,C,2,A,NA,16.67,31.83,2.7,5.7,2.7,3,20131119,587281.9867,9820684.636
FST_A01,T02,13,BREU BRANCO,Protium paniculatum,Burseraceae,0.49,18.4,0.02659044,0.203909249,O,S,2,A,NA,19.3,24.15,4.2,2.4,3,3.4,20131119,587282.7764,9820686.472
FST_A01,T02,14,URUCURANA,Sloanea guianensis,Elaeocarpaceae,0.821152911,10.6,0.008824734,0.072741839,O,S,2,A,NA,10.54,15.49,1.6,1.6,2,1.4,20131119,587280.842,9820685.578
FST_A01,T02,15,LOURO PRETO,Nectandra cuspidata,Lauraceae,0.56,25.1,0.04948087,0.456387443,O,C,2,A,NA,19.85,25.41,2.8,1.3,1.4,2.5,20131119,587281.3867,9820688.498
FST_A01,T02,16,ABIURANA BRANCA,Pouteria guianensis,Sapotaceae,0.929561667,41.3,0.133964579,2.884009119,O,C,1,A,NA,17.91,35.74,2.6,2.4,3.2,4.7,20131119,587327.8232,9820691.098
FST_A01,T02,17,ACAPURANA,Batesia floribunda,Fabaceae,0.54,40.4,0.128189547,1.124993163,O,C,2,A,NA,17.28,25.08,6,3.4,4.4,3.3,20131119,587323.1743,9820696.308
FST_A01,T02,18,PITAICA,Swartzia polyphylla,Fabaceae,0.691,86,0.580880482,8.298644611,O,C,2,A,NA,22.35,31.9,10.6,5.2,9.6,3.4,20131119,587313.4732,9820671.269
FST_A01,T02,19,MORTA,NA,NA,0.6,43.7,0.149986702,0.422950488,O,NA,NA,D,1,NA,9.09,NA,NA,NA,NA,20131119,587308.6294,9820676.251
FST_A01,T02,20,SUMAUMA DA TERRA FIRME,Bombax paraense,Malvaceae,0.39,90.8,0.647532511,6.776713454,O,E,1,A,NA,28.81,41.41,11.5,6.4,8.2,5.8,20131119,587326.5726,9820713.975
FST_A01,T02,21,LOURO PRETO,Nectandra cuspidata,Lauraceae,0.56,35.4,0.098422956,0.860693165,O,C,2,A,NA,9.51,24.1,0.7,5,1,4.4,20131119,587323.5633,9820716.539
FST_A01,T02,22,MORTA,NA,NA,0.58,63.7,0.318690227,0.246153616,O,NA,NA,D,3,NA,1.95,NA,NA,NA,NA,20131119,587322.2241,9820707.366
FST_A01,T02,23,ABIURANA BRANCA,Pouteria guianensis,Sapotaceae,0.929561667,36,0.101787602,1.861761193,O,S,1,A,NA,18.63,30.36,2.7,7.1,5.4,5.5,20131119,587303.729,9820717.676
FST_A01,T02,24,NI,NI,NI,0.64,43.9,0.151362719,2.522818972,O,E,1,A,NA,28.91,40.18,2.5,2.7,4,3.3,20131119,587307.2783,9820709.659
FST_A01,T02,25,GUAJARA,Pouteria sp.,Sapotaceae,0.781766198,56.7,0.25249687,4.065100705,O,C,2,A,NA,22.87,31.78,3.2,6.6,4.4,5.5,20131119,587304.929,9820709.953
FST_A01,T02,26,BREU BRANCO,Protium paniculatum,Burseraceae,0.49,38,0.113411495,1.023404933,O,C,2,A,NA,16.45,28.42,10.4,4,4.2,6.1,20131119,587283.3859,9820695.4
FST_A01,T02,27,MASSARANDUBA,Manilkara huberi,Sapotaceae,0.93,85.6,0.575489509,13.43417192,O,E,1,A,NA,23.43,38.73,13.4,5.2,9.8,5.3,20131119,587193.2964,9820754.346
FST_A01,T02,28,MORTA,NA,NA,0.45,51,0.204282062,0.11608327,O,NA,NA,D,4,NA,1.82,NA,NA,NA,NA,20131119,587191.0135,9820754.684
FST_A01,T02,29,MORTA,NA,NA,0.45,77,0.465662571,0.61042199,O,NA,NA,D,4,NA,5.07,NA,NA,NA,NA,20131119,587183.7571,9820758.379
FST_A01,T02,30,UCUUBA,Virola melinoni,Myristicaceae,0.476163695,12,0.011309734,0.04537872,O,S,2,A,NA,6.21,13,2.6,1.8,1.7,1.5,20131119,587181.4674,9820756.317
FST_A01,T02,31,MERAUBA,Mouriri collocarpa,Melastomataceae,0.833333333,17,0.022698007,0.208150171,O,S,2,A,NA,11.66,16.98,6.5,2.7,5.3,2.2,20131119,587175.8756,9820761.293
FST_A01,T02,32,ABIURANA VERMELHA,Pouteria gongrijpii,Sapotaceae,0.799402922,19.7,0.030480517,0.17392151,O,C,2,A,NA,8.52,11.01,0.4,0.3,0.4,0.7,20131119,587171.3696,9820761.087
FST_A01,T02,33,BREU DE LEITE,Thyrsodium paraense,Anacardiaceae,0.613333333,17.8,0.024884555,0.247404121,O,C,2,A,NA,18.72,25.01,0,4,0.8,1,20131119,587172.4322,9820762.414
FST_A01,T02,34,CARAMUXI,Pouteria hispida,Sapotaceae,0.87,12.7,0.012667687,0.190510107,O,S,2,A,NA,19.9,26.67,1.7,2.4,1.7,2.2,20131119,587170.4809,9820762.529
FST_A01,T02,35,CARAMUXI,Pouteria hispida,Sapotaceae,0.87,28.1,0.062015824,1.041897452,O,C,2,A,NA,18.22,29.8,4.7,2.3,7,1,20131119,587170.6915,9820763.589
FST_A01,T02,36,CARAMUXI,Pouteria hispida,Sapotaceae,0.87,30.6,0.073541542,0.802564991,O,C,2,A,NA,16.83,19.36,3.5,3.2,5.2,1.3,20131119,587167.0049,9820766.798
FST_A01,T02,37,TENTO,Ormosia coccinea,Fabaceae,0.625,19,0.028352874,0.352933128,O,S,2,A,NA,16.4,30.73,3.2,2.1,0,7.6,20131119,587163.412,9820766.457
FST_A01,T02,38,CUMARU,Dipteryx odorata,Fabaceae,0.92,96.4,0.729867372,17.04920624,O,E,1,A,NA,20.6,39.18,12.7,5,16,7.7,20131119,587161.988,9820769.462
FST_A01,T02,39,MASSARANDUBA,Manilkara huberi,Sapotaceae,0.93,63.5,0.316692174,7.920378755,O,E,1,A,NA,26.19,41.5,8.7,1.8,8.4,7.2,20131119,587164.0876,9820777.664
FST_A01,T02,40,UCUUBA VERMELHA,Virola elongata,Myristicaceae,0.52,15.8,0.01960668,0.143288578,O,S,2,A,NA,13.4,21.69,1.4,1.1,0.6,3.2,20131119,587159.205,9820769.176
FST_A01,T02,41,INGA BRANCO,Inga thibaudiana,Fabaceae,0.576407927,18.2,0.026015529,0.094301116,O,S,2,A,NA,8.69,9.7,0.7,1,0.4,1.2,20131119,587154.3973,9820772.42
FST_A01,T02,42,LOURO PIMENTA,Ocotea canaliculata,Lauraceae,0.479426667,37,0.107521009,0.997890409,O,C,2,A,NA,24.27,29.87,4.3,2,4,3.9,20131119,587161.8115,9820780.403
FST_A01,T02,43,CUTITIRIBA,Pouteria sp.,Sapotaceae,0.781766198,35.1,0.096761839,1.172887406,O,C,2,A,NA,14.12,23.92,2,3.2,3.2,2.7,20131119,587178.6755,9820796.677
FST_A01,T02,44,ABIURANA VERMELHA,Pouteria gongrijpii,Sapotaceae,0.799402922,42,0.138544236,2.577071844,O,C,2,A,NA,21.01,35.9,3.4,5.3,3.1,3.5,20131119,587178.9067,9820804.938
FST_A01,T02,45,MUIRAPIRANGA,Brosimum rubescens,Moraceae,0.825151429,40.1,0.12629281,2.6126026,O,C,2,A,NA,18.53,38.68,4.6,6.1,4.4,5.6,20131119,587182.8338,9820798.681
FST_A01,T02,46,APUI,Ficus broadwayi,Moraceae,0.415277778,65,0.331830724,2.927709802,O,C,2,A,NA,20.28,32.78,13,5.4,7,12.6,20131119,587179.4908,9820791.318
FST_A01,T02,47,UXI,Endopleura uchi,Humiriaceae,0.771796039,37.1,0.108102989,1.458014087,O,C,2,A,NA,21.3,26.96,4,3.7,1.2,11.3,20131119,587201.926,9820795.415
FST_A01,T02,48,CARAPANAUBA,Aspidosperma nitidum,Apocynaceae,0.763327689,113.2,1.006428056,19.37387975,O,E,1,A,NA,24.81,38.91,8.9,5,9.6,5.4,20131119,587201.4667,9820794.523
FST_A01,T02,49,INGA VERMELHO,Inga alba,Fabaceae,0.586080352,36.7,0.105784493,1.073515895,O,S,1,A,NA,17.67,26.72,0.6,5.8,12.7,0.5,20131119,587204.8067,9820786.257
FST_A01,T02,50,ANGELIM RAJADO,Zygia racemosa,Fabaceae,0.75,47,0.173494454,2.812089971,O,C,2,A,NA,24.8,33.35,2.4,1.6,7.4,2.4,20131119,587188.3396,9820778.132
FST_A01,T02,51,GUAJARA,Pouteria sp.,Sapotaceae,0.781766198,49.3,0.190890238,2.942063889,O,C,2,A,NA,22.03,30.42,8.6,1.8,2.8,9.4,20131119,587185.062,9820779.141
FST_A01,T02,52,ABIURANA VERMELHA,Pouteria gongrijpii,Sapotaceae,0.799402922,39.8,0.124410211,2.068602837,O,C,2,A,NA,18.67,32.09,5.7,4,4.7,3.2,20131119,587181.9365,9820775.238
FST_A01,T02,53,ANGELIM RAJADO,Zygia racemosa,Fabaceae,0.75,44.9,0.158337055,2.911254208,O,C,2,A,NA,27.83,37.83,8,2.8,2.3,7.5,20131119,587172.601,9820777.931
FST_A01,T02,54,MORTA,NA,NA,0.6,23.8,0.044488094,0.083967265,O,NA,NA,D,1,NA,5.56,NA,NA,NA,NA,20131119,587065.4008,9820830.648
FST_A01,T02,55,BREU BRANCO,Protium paniculatum,Burseraceae,0.49,10.5,0.008659015,0.054152014,O,S,2,A,NA,10.46,19.69,2.8,1.4,1.7,2,20131119,587057.5798,9820830.035
FST_A01,T02,56,NI,NI,NI,0.64,52.5,0.216475369,2.572314943,O,C,2,A,NA,13.09,28.65,7,9,12,5.4,20131119,587052.4733,9820834.679
FST_A01,T02,57,TIMBORANA,Pseudopiptadenia suaveolens,Fabaceae,0.679712857,87,0.59446787,14.09651344,O,E,1,A,NA,27.41,53.83,13.2,10.6,6.2,11.6,20131119,587050.0997,9820834.908
FST_A01,T02,58,BREU,Protium hepytaphillum ,Burseraceae,0.629,36,0.101787602,1.324771012,O,C,2,A,NA,23.2,31.93,9,1,4,3.4,20131119,587048.9967,9820842.818
FST_A01,T02,59,BREU BARROTE,Tetragastris panamensis,Burseraceae,0.732202857,10.8,0.009160884,0.016377502,O,S,2,A,NA,3.14,3.77,0.7,1.2,1,1.6,20131119,587043.7541,9820838.22
FST_A01,T02,60,MATAMATA,Eschweilera parviflora,Lecythidaceae,0.8889275,38.3,0.115209271,1.906673746,O,C,2,A,NA,20.88,28.73,2.7,1.8,3.8,3,20131119,587049.0244,9820849.622
FST_A01,T02,61,LOURO PRETO,Nectandra cuspidata,Lauraceae,0.56,43.7,0.149986702,1.795583024,O,C,2,A,NA,20.48,32.99,5,3.3,5.4,4,20131119,587045.2641,9820850.65
FST_A01,T02,62,ABIU,Pouteria sp.,Sapotaceae,0.78,18.2,0.026015529,0.287652069,O,S,2,A,NA,15.51,21.87,0.8,2.2,1,2.2,20131119,587037.9956,9820843.466
FST_A01,T02,63,BREU,Protium hepytaphillum ,Burseraceae,0.629,23.9,0.044862728,0.488211678,O,C,2,A,NA,17,26.7,2.3,1,2.4,1.4,20131119,587062.2137,9820830.209
FST_A01,T02,64,ARARACANGA,Aspidosperma spruceanum,Apocynaceae,0.753333333,12.4,0.012076282,0.110173532,O,S,2,A,NA,15.38,18.69,2.8,1.6,0.3,0.4,20131119,587037.4224,9820844.933
FST_A01,T02,65,BREU BARROTE,Tetragastris panamensis,Burseraceae,0.732202857,12,0.011309734,0.084071309,O,S,2,A,NA,9.67,15.67,1.8,2.5,2.5,2.4,20131119,587037.2826,9820846.15
FST_A01,T02,66,ABIURANA BRANCA,Pouteria guianensis,Sapotaceae,0.929561667,12.4,0.012076282,0.098335138,O,S,2,A,NA,9.77,13.52,2,2.8,1.4,2.7,20131119,587033.342,9820845.577
FST_A01,T02,67,ABIURANA VERMELHA,Pouteria gongrijpii,Sapotaceae,0.799402922,46.7,0.1712867,3.146006482,O,C,2,A,NA,16.02,35.45,5,3.7,3.2,3,20131119,587035.9284,9820850.681
FST_A01,T02,68,ABIURANA VERMELHA,Pouteria gongrijpii,Sapotaceae,0.799402922,20.4,0.03268513,0.446922886,O,S,2,A,NA,16.98,26.39,3,2.6,2.4,2.4,20131119,587030.7292,9820851.059
FST_A01,T02,69,ENVIRA QUIABO,Sterculia pruriens,Malvaceae,0.486208,36.7,0.105784493,1.260282793,O,C,2,A,NA,29.22,37.81,1.7,1.4,1,3.3,20131119,587030.2092,9820851.358
FST_A01,T02,70,TENTO,Ormosia coccinea,Fabaceae,0.625,18.3,0.026302199,0.250029428,O,S,2,A,NA,15.94,23.47,1.4,2.7,1.3,2.2,20131119,587027.6632,9820849.072
FST_A01,T02,71,CASCA SECA,Licania canescens,Chrysobalanaceae,0.88,48,0.180955737,3.844966256,O,E,1,A,NA,22.04,37.26,6.7,3.4,9,3.2,20131119,587032.9039,9820858.901
FST_A01,T02,72,ABIURANA VERMELHA,Pouteria gongrijpii,Sapotaceae,0.799402922,25.2,0.049875925,0.679947965,O,S,2,A,NA,16.03,26.31,2.3,5.4,5.5,5.8,20131119,587022.7792,9820852.907
FST_A01,T02,73,MORTA,NA,NA,0.7,35.6,0.099538222,0.408812703,O,NA,NA,D,2,NA,11.92,NA,NA,NA,NA,20131119,587047.9727,9820861.594
FST_A01,T02,74,MORTA,NA,NA,0.58,90,0.636172512,1.386068612,O,NA,NA,D,3,NA,6.91,NA,NA,NA,NA,20131119,587049.6332,9820864.049
FST_A01,T02,75,JUTAI MIRIM,Hymenaea intermedia,Fabaceae,0.82,59,0.273397101,4.941447183,O,E,1,A,NA,17.83,34.01,6.7,6.7,5.6,9,20131119,587051.0555,9820879.144
FST_A01,T02,76,LOURO PIMENTA,Ocotea canaliculata,Lauraceae,0.479426667,60,0.282743339,3.899988,O,E,1,A,NA,27.14,44.39,13.7,5.6,3.6,8.6,20131119,587058.7771,9820883.793
FST_A01,T02,77,ANGELIM RAJADO,Zygia racemosa,Fabaceae,0.75,48.4,0.183984232,2.84283991,O,E,1,A,NA,21.17,31.79,4.3,4,8.5,5.9,20131119,587058.1369,9820883.025
FST_A01,T02,78,MUIRAPIRANGA,Brosimum rubescens,Moraceae,0.825151429,74.4,0.434746158,9.456927763,O,E,1,A,NA,26.16,40.68,11,3.7,12.5,5.3,20131119,587072.6441,9820875.812
FST_A01,T02,79,CARAMUXI,Pouteria hispida,Sapotaceae,0.87,43.9,0.151362719,2.54155568,O,C,2,A,NA,19.77,29.78,2.3,10,2.6,8,20131119,587070.3099,9820871.472
FST_A01,T02,80,CASCA SECA,Licania canescens,Chrysobalanaceae,0.88,43.6,0.149301049,2.477734136,O,C,2,A,NA,18.37,29.1,7,8,4.1,8.4,20131119,587085.2702,9820861.724
FST_A01,T02,81,TIMBORANA,Pseudopiptadenia suaveolens,Fabaceae,0.679712857,56.8,0.253388297,4.962912447,O,C,1,A,NA,25.99,44.46,5.3,2.1,8.3,1.2,20131119,587086.1369,9820861.225
FST_A01,T02,82,CUPIUBA,Goupia glabra,Goupiaceae,0.7272025,44.4,0.154830252,1.736896838,O,C,2,A,NA,17.51,23.8,5,5.2,3.8,12,20131119,587077.3221,9820858.342
FST_A01,T02,83,MASSARANDUBA,Manilkara huberi,Sapotaceae,0.93,88.6,0.616534417,13.340889,O,E,1,A,NA,22.23,35.9,7.5,7,7,8.4,20131119,587077.8203,9820845.552
FST_A01,T02,84,UXI,Endopleura uchi,Humiriaceae,0.771796039,51,0.204282062,2.685972113,O,C,2,A,NA,18.67,26.29,2.3,6.5,2,8.2,20131119,587073.7862,9820843.327
FST_A01,T02,85,ANGELIM PEDRA,Hymenolobium petraeum,Fabaceae,0.713,42.2,0.139866847,1.693230453,O,E,1,A,NA,15.54,26.2,2,5.4,5,5.5,20131119,587062.1056,9820847.776
FST_A01,T02,86,PURUI,Alibertia edulis,Rubiaceae,0.76,15.2,0.018145839,0.111722919,O,S,2,A,NA,5.7,12.5,2.7,2.7,3,2.8,20131119,586936.9505,9820909.008
FST_A01,T02,87,BACABA,Oenocarpus bacaba,Arecaceae,NA,15.2,0.018145839,0.050303908,P,S,2,A,NA,15.54,22.32,1.3,1.7,1,1.5,20131119,586933.07,9820917.109
FST_A01,T02,88,SUCUPIRA PRETA,Bowdichia nitida,Fabaceae,0.81,10.1,0.008011847,0.079106741,O,S,2,A,NA,11.65,18.81,1.4,0.7,1.2,1,20131119,586927.7194,9820914.99
FST_A01,T02,89,CAFERANA,Quiina florida,Quiinaceae,0.728,11,0.009503318,0.046842937,O,S,2,A,NA,7.7,10.45,1.2,3.5,3,1,20131119,586927.9829,9820918.98
FST_A01,T02,90,PAPO DE MUTUM,Lacunaria jenmanii,Quiinaceae,0.804333333,11.7,0.010751315,0.088655746,O,S,2,A,NA,11.3,15.82,0.6,2.5,1.4,2.3,20131119,586927.867,9820920.481
FST_A01,T02,91,ABIURANA VERMELHA,Pouteria gongrijpii,Sapotaceae,0.799402922,19.4,0.029559245,0.373887926,O,S,2,A,NA,18.58,24.41,1.7,1.2,2,1.4,20131119,586919.864,9820923.29
FST_A01,T02,92,MELANCIEIRA,Alexa grandiflora,Fabaceae,0.64,20.5,0.033006358,0.315160092,O,S,2,A,NA,16.2,23.02,1.2,1,3.2,0.5,20131119,586917.7483,9820922.641
FST_A01,T02,93,BACABA,Oenocarpus bacaba,Arecaceae,NA,16.3,0.020867244,0.057273078,P,S,2,A,NA,8.81,11.61,0.5,0.3,1.4,0.8,20131119,586914.0642,9820923.721
FST_A01,T02,94,MATAMATA BRANCO,Eschweilera coriacea,Lecythidaceae,0.852013744,11.2,0.009852035,0.061833836,O,S,2,A,NA,7.95,11.37,0.4,1.7,1.6,1.6,20131119,586914.0795,9820924.899
FST_A01,T02,95,GUAJARA,Pouteria sp.,Sapotaceae,0.781766198,47.4,0.176460118,2.847153812,O,C,2,A,NA,21.66,31.85,6.2,2.4,3,3.3,20131119,586916.0497,9820929.327
FST_A01,T02,96,BREU MANGA,Tetragastris altissima,Burseraceae,0.707804286,16.3,0.020867244,0.245632063,O,S,2,A,NA,20.63,25.66,1.3,1.2,1.8,0.8,20131119,586911.186,9820929.508
FST_A01,T02,97,ABIURANA VERMELHA,Pouteria gongrijpii,Sapotaceae,0.799402922,21.8,0.037325262,0.441315096,O,S,2,A,NA,12.23,22.82,4,1.6,3.5,2.5,20131119,586909.2571,9820926.955
FST_A01,T02,98,ABIURANA VERMELHA,Pouteria gongrijpii,Sapotaceae,0.799402922,25.4,0.050670748,0.758779064,O,S,2,A,NA,16.15,28.9,2.2,4.4,3,2.5,20131119,586903.5943,9820933.358
FST_A01,T02,99,GUAJARA,Pouteria sp.,Sapotaceae,0.781766198,51.3,0.206692449,4.3446912,O,C,1,A,NA,30.29,41.49,3.7,3.2,4,3,20131119,586912.5865,9820936.326
FST_A01,T02,100,JUTAI POROROCA,Dialium guianense,Fabaceae,0.890242424,39.1,0.120072457,1.485146307,O,C,2,A,NA,14.17,21.44,4.3,4.6,7.3,4.2,20131119,586920.5291,9820941.876
FST_A01,T02,101,ENVIRA QUIABO,Sterculia pruriens,Malvaceae,0.486208,49.1,0.189344575,1.896242428,O,C,2,A,NA,23.52,31.78,2.7,3.6,4.7,2.2,20131119,586926.4341,9820940.426
FST_A01,T02,102,GOMBEIRA,Swartzia laevicarpa,Fabaceae,0.613,54.2,0.230721706,2.532528545,O,C,2,A,NA,19.1,27.63,3.4,4.8,2.1,9.3,20131119,586930.3865,9820944.996
FST_A01,T02,103,CARAPANAUBA,Aspidosperma nitidum,Apocynaceae,0.763327689,56,0.246300864,3.975530763,O,C,1,A,NA,14.74,32.63,4.5,4.3,5,4,20131119,586919.523,9820955.601
FST_A01,T02,104,MORTA,NA,NA,0.6,58.8,0.271546703,0.860882438,O,NA,NA,D,1,NA,10.49,NA,NA,NA,NA,20131119,586928.6486,9820967.516
FST_A01,T02,105,SUCUPIRA,Diplotropis sp.,Fabaceae,0.749567333,56.8,0.253388297,4.028127814,O,E,1,A,NA,15.76,32.72,5.3,0.6,2.5,4,20131119,586927.4512,9820973.046
FST_A01,T02,106,MUIRAPIRANGA,Brosimum rubescens,Moraceae,0.825151429,43,0.14522012,2.015515203,O,C,1,A,NA,14.66,25.95,4.7,4.3,2.4,7.4,20131119,586931.1662,9820965.884
FST_A01,T02,107,GUAJARA,Pouteria sp.,Sapotaceae,0.781766198,50.1,0.197135724,3.20434242,O,C,1,A,NA,16.2,32.08,3,5.4,5,5.3,20131119,586910.9081,9820937.414
FST_A01,T02,108,LOURO PRETO,Nectandra cuspidata,Lauraceae,0.56,76.6,0.460837085,5.326266888,O,C,1,A,NA,15.14,31.85,7,7.2,7.2,6.4,20131119,586964.9704,9820942.789
FST_A01,T02,109,ENVIRA,Xylopia sp.,Annonaceae,0.570128696,37.1,0.108102989,1.336748396,O,C,2,A,NA,28.35,33.47,0.5,3.2,2.7,1.2,20131119,586956.0821,9820942.606
FST_A01,T02,110,MORTA,NA,NA,0.58,75.1,0.44296535,0.467330991,O,NA,NA,D,3,NA,2.85,NA,NA,NA,NA,20131119,586949.9244,9820931.146
FST_A01,T02,111,MORTA,NA,NA,0.58,36,0.101787602,0.646374872,O,NA,NA,D,3,NA,25.56,NA,NA,NA,NA,20131119,586935.0553,9820939.593
FST_A01,T02,112,MERAUBA,Mouriri collocarpa,Melastomataceae,0.833333333,49.7,0.194000415,3.28451315,O,C,2,A,NA,22.56,31.35,9,2.5,3.3,5.3,20131119,586939.2359,9820935.695
FST_A01,T02,113,MAPARAJUBA,Manilkara amazonica,Sapotaceae,0.883636668,70,0.3848451,8.048243664,O,C,1,A,NA,29.92,36.52,2.7,4.4,3,10.5,20131119,586942.3482,9820927.736
FST_A01,T02,114,LOURO PIMENTA,Ocotea canaliculata,Lauraceae,0.479426667,45,0.159043128,1.668326986,O,C,2,A,NA,22.65,33.76,2.1,5.3,4.8,3,20131119,586941.1426,9820926.14
FST_A01,T03,1,CACAU,Theobroma glaucum,Malvaceae,0.529714286,10.6,0.008824734,0.049343033,O,S,2,A,NA,11.59,16.29,0.6,1,0.7,1,20131121,585273.7059,9820633.654
FST_A01,T03,2,PINTADINHO,Poeppigia sp.,Fabaceae,0.69,42,0.138544236,0.905535193,O,C,2,A,NA,12.95,14.62,2.7,3.3,4.2,2,20131121,585279.4631,9820640.14
FST_A01,T03,3,CUTITIRIBA,Pouteria sp.,Sapotaceae,0.781766198,36.7,0.105784493,1.423259226,O,C,2,A,NA,18.1,26.56,4.2,5,3.7,3.5,20131121,585278.2243,9820645.781
FST_A01,T03,4,ENVIRA PRETA,Guatteria schomburgkiana,Annonaceae,0.6,10.6,0.008824734,0.054985063,O,S,2,A,NA,12.37,16.02,1,1.2,0,3.7,20131121,585273.004,9820636.531
FST_A01,T03,5,INGA,Inga marginata,Fabaceae,0.573055556,10.2,0.008171282,0.044083399,O,S,2,A,NA,9.33,14.53,3.4,2.3,3.2,1.6,20131121,585269.2261,9820638.277
FST_A01,T03,6,BREU DE LEITE,Thyrsodium paraense,Anacardiaceae,0.613333333,26.5,0.055154586,0.553840931,O,S,2,A,NA,19.72,25.26,3.2,2.6,2.4,3.6,20131121,585269.2508,9820638.739
FST_A01,T03,7,MATAMATA,Eschweilera parviflora,Lecythidaceae,0.8889275,10.8,0.009160884,0.080326249,O,S,2,A,NA,12.04,15.22,2.4,1.8,2,2.4,20131121,585267.2904,9820641.279
FST_A01,T03,8,BREU DE LEITE,Thyrsodium paraense,Anacardiaceae,0.613333333,14.2,0.015836769,0.122560066,O,S,2,A,NA,15.26,19.47,0.8,2.4,1.3,2.2,20131121,585264.959,9820641.675
FST_A01,T03,9,BREU BRANCO,Protium paniculatum,Burseraceae,0.49,18.5,0.026880252,0.249523714,O,S,2,A,NA,21.9,29.23,5.7,3.8,1,6,20131121,585260.3745,9820643.134
FST_A01,T03,10,MANDIOQUEIRA,Qualea paraensis,Vochysiaceae,0.689333333,25.9,0.052685294,0.708223567,O,C,2,A,NA,22.48,30.09,4,1.3,2.7,1.5,20131121,585256.6639,9820649.747
FST_A01,T03,11,MORTA,NA,NA,0.58,12.8,0.012867964,0.047399071,O,NA,NA,D,3,NA,13.13,NA,NA,NA,NA,20131121,585255.7271,9820650.627
FST_A01,T03,12,MORTA,NA,NA,0.6,36.1,0.102353874,0.291857799,O,NA,NA,D,1,NA,9.21,NA,NA,NA,NA,20131121,585252.7235,9820648.848
FST_A01,T03,13,MORTA,NA,NA,0.6,17.1,0.022965828,0.135290921,O,NA,NA,D,1,NA,22.37,NA,NA,NA,NA,20131121,585251.6463,9820650.303
FST_A01,T03,14,MUIRACATIARA,Astronium gracile,Anacardiaceae,0.73,22.1,0.038359632,0.417795158,O,S,1,A,NA,10.95,23.02,3.8,3.2,4,3.4,20131121,585245.7804,9820652.998
FST_A01,T03,15,CUTITIRIBA,Pouteria sp.,Sapotaceae,0.781766198,45.5,0.162597055,2.458014676,O,C,1,A,NA,18.43,29.84,4,4.3,2.8,7,20131121,585249.1116,9820657.31
FST_A01,T03,16,GUAJARA BOLACHA,Pouteria oppositifolia,Sapotaceae,0.65,63.4,0.315695504,4.453358936,O,C,1,A,NA,24.09,33.49,6.5,6.3,9,4.4,20131121,585259.0551,9820662.49
FST_A01,T03,17,QUINARANA,Geissospermum sericeum,Apocynaceae,0.782,39.2,0.120687423,1.325051513,O,C,2,A,NA,16.74,21.66,4,6,4.3,4.4,20131121,585266.9572,9820660.678
FST_A01,T03,18,GOMBEIRA,Swartzia laevicarpa,Fabaceae,0.613,50,0.196349541,2.443067642,O,C,2,A,NA,15.34,31.32,13,9,9,5.4,20131121,585256.4336,9820670.274
FST_A01,T03,19,UXI,Endopleura uchi,Humiriaceae,0.771796039,71.2,0.398152887,7.970130978,O,E,1,A,NA,26.16,40.02,10.5,2.3,3.5,13.3,20131121,585249.9755,9820673.494
FST_A01,T03,20,BREU MANGA,Tetragastris altissima,Burseraceae,0.707804286,45.3,0.161170772,1.679084775,O,C,1,A,NA,16.66,22.71,4.8,2.8,0,7.4,20131121,585298.9774,9820657.945
FST_A01,T03,21,ABIURANA VERMELHA,Pouteria gongrijpii,Sapotaceae,0.799402922,47.4,0.176460118,1.714011547,O,C,1,A,NA,13.1,18.75,3,8.5,1,5.5,20131121,585303.1639,9820668.261
FST_A01,T03,22,MORTA,NA,NA,0.6,57.1,0.256072003,2.174733245,O,NA,NA,D,1,22.72,34.99,NA,NA,NA,NA,20131121,585277.476,9820679.843
FST_A01,T03,23,GUAJARA,Pouteria sp.,Sapotaceae,0.781766198,40.8,0.13074052,2.234741503,O,C,2,A,NA,20.82,33.74,3.2,3.5,5,3.4,20131121,585263.4278,9820669.084
FST_A01,T03,24,MORTA,NA,NA,0.6,44.6,0.156228261,1.247134902,O,NA,NA,D,1,25.05,32.44,NA,NA,NA,NA,20131121,585269.8435,9820673.083
FST_A01,T03,25,GUAJARA,Pouteria sp.,Sapotaceae,0.781766198,59.1,0.274324656,4.933214382,O,C,2,A,NA,25.77,35.49,7.2,7,7.4,5,20131121,585271.6388,9820670.656
FST_A01,T03,26,ABIURANA VERMELHA,Pouteria gongrijpii,Sapotaceae,0.799402922,51.7,0.20992829,3.275176961,O,C,2,A,NA,22.37,30.11,3.7,1,10.8,2,20131121,585285.7294,9820674.197
FST_A01,T03,27,SERINGARANA,Hevea sp.,Euphorbiaceae,0.515536777,56.7,0.25249687,3.045835008,O,C,1,A,NA,25.3,36.1,8,3,6,6.4,20131121,585293.0129,9820670.413
FST_A01,T03,28,MASSARANDUBA,Manilkara huberi,Sapotaceae,0.93,41.4,0.134614104,2.388292474,O,C,2,A,NA,19.38,29.44,12.4,2,3,7.2,20131121,585302.1939,9820670.123
FST_A01,T03,29,CAFERANA,Quiina florida,Quiinaceae,0.728,44,0.152053084,2.563388629,O,C,2,A,NA,26.13,35.73,6,0.5,1.5,6,20131121,585307.9713,9820666.17
FST_A01,T03,30,CASCA DOCE,Glycydendron amazonicum,Euphorbiaceae,0.67,38,0.113411495,1.638168879,O,S,2,A,NA,24.59,33.27,2.4,1.8,1,6,20131121,585251.5665,9820659.225
FST_A01,T03,31,CUMARU,Dipteryx odorata,Fabaceae,0.92,124.8,1.223260781,33.62598257,O,C,1,A,NA,24.08,46.1,12.7,11.3,10,20.7,20131121,585288.7242,9820654.175
FST_A01,T03,32,ENVIRA CUNAUARU,Annona ambotay,Annonaceae,0.413,18.7,0.027464588,0.172403973,O,C,2,A,NA,17.31,23.45,4.3,2.2,3.5,2.2,20131121,585148.8624,9820722.92
FST_A01,T03,33,ABIURANA CASCA FINA,Pouteria retinervis,Sapotaceae,0.783318031,25,0.049087385,0.544341284,O,C,2,A,NA,17.84,21.84,2.5,1.6,1.8,2,20131121,585145.4434,9820724.082
FST_A01,T03,34,MORTA,NA,NA,0.6,11.8,0.010935884,0.018444316,O,NA,NA,D,1,NA,4.85,NA,NA,NA,NA,20131121,585141.1659,9820726.473
FST_A01,T03,35,MATAMATA BRANCO,Eschweilera coriacea,Lecythidaceae,0.852013744,13,0.013273229,0.033865549,O,S,2,A,NA,2.73,4.62,1,12,1.1,1.2,20131121,585136.0547,9820730.718
FST_A01,T03,36,MORTA,NA,NA,0.6,24.4,0.046759465,0.085758436,O,NA,NA,D,1,NA,5.37,NA,NA,NA,NA,20131121,585134.1342,9820731.791
FST_A01,T03,37,MERAUBA,Mouriri collocarpa,Melastomataceae,0.833333333,14,0.015393804,0.036204772,O,S,2,A,NA,2.98,4.35,4.3,1,2.8,1.6,20131121,585131.1436,9820731.004
FST_A01,T03,38,MORTA,NA,NA,0.6,27.5,0.059395736,0.159216751,O,NA,NA,D,1,NA,8.54,NA,NA,NA,NA,20131121,585129.8543,9820736
FST_A01,T03,39,ABIU CUTITE,Pouteria macrophilla,Sapotaceae,0.737,10.3,0.008332289,0.042656543,O,S,2,A,NA,8.03,10.72,2.5,1.5,2.5,2.3,20131121,585124.3136,9820735.034
FST_A01,T03,40,ABIURANA BRANCA,Pouteria guianensis,Sapotaceae,0.929561667,13.1,0.013478218,0.125292024,O,S,2,A,NA,13.54,15.43,0.8,0.7,3.6,0.8,20131121,585125.0554,9820736.864
FST_A01,T03,41,ABIURANA CASCA FINA,Pouteria retinervis,Sapotaceae,0.783318031,32.4,0.082447958,0.797373168,O,C,1,A,NA,13.07,19.05,4.3,1.2,2.4,2,20131121,585122.2746,9820736.494
FST_A01,T03,42,MORTA,NA,NA,0.6,23,0.041547563,0.030714946,O,NA,NA,D,1,NA,1.77,NA,NA,NA,NA,20131121,585118.7139,9820740.087
FST_A01,T03,43,GUAJARA,Pouteria sp.,Sapotaceae,0.781766198,67,0.352565236,6.22990293,O,C,1,A,NA,23.91,34.88,3.4,3.2,7.3,1.7,20131121,585112.4991,9820744.629
FST_A01,T03,44,PAUPRATUDO,Simaba cedron,Simaroubaceae,0.474426667,14,0.015393804,0.052489439,O,S,2,A,NA,8.34,11.09,0.4,0.7,0.6,0.5,20131121,585116.1176,9820743.996
FST_A01,T03,45,ABIURANA VERMELHA,Pouteria gongrijpii,Sapotaceae,0.799402922,44,0.152053084,3.292942381,O,E,1,A,NA,30,41.8,6.4,7.5,6.2,6.3,20131121,585141.342,9820761.331
FST_A01,T03,46,ACARIQUARA,Minquartia guianensis,Olacaceae,0.77,55.2,0.239313962,4.096342878,O,C,2,A,NA,25.27,34.3,3.6,2.7,2.2,2.4,20131121,585143.2325,9820767.757
FST_A01,T03,47,ABIU ROSADINHO,Pouteria anibifolia,Sapotaceae,0.66,42.3,0.140530508,1.957534051,O,C,1,A,NA,22.2,32.57,2.6,4.3,3,5.5,20131121,585153.9566,9820768.179
FST_A01,T03,48,CARAMUXI,Pouteria hispida,Sapotaceae,0.87,41.6,0.135917865,2.288558143,O,C,2,A,NA,17.46,29.86,3.2,3.2,1.8,4.8,20131121,585164.1836,9820756.051
FST_A01,T03,49,ABIURANA VERMELHA,Pouteria gongrijpii,Sapotaceae,0.799402922,39.6,0.123162998,2.239541754,O,C,2,A,NA,26.56,35.1,1.7,4.4,1.6,2.5,20131121,585165.9295,9820755.075
FST_A01,T03,50,PENTE DE MACACO,Apeiba echinata,Malvaceae,0.275648255,44.4,0.154830252,0.905447297,O,C,2,A,NA,26.17,32.74,10.4,0.6,3.5,7.3,20131121,585174.8037,9820757.599
FST_A01,T03,51,CUTITIRIBA,Pouteria sp.,Sapotaceae,0.781766198,37,0.107521009,2.000838989,O,C,1,A,NA,27.45,36.73,1.2,1.5,0.4,1,20131121,585170.1903,9820753.763
FST_A01,T03,52,CORAÇAO DE NEGRO,Swartzia corrugata,Fabaceae,1.0565,39.3,0.121303961,3.064349493,O,C,1,A,NA,27.58,36.89,6.2,2.4,2.5,7,20131121,585172.2484,9820749.406
FST_A01,T03,53,SUCUPIRA PELE DE SAPO,NI,NI,0.64,56.4,0.249832014,4.523306293,O,E,1,A,NA,36.73,43.65,7,4.2,2.8,5.3,20131121,585179.2725,9820754.033
FST_A01,T03,54,MORTA,NA,NA,0.6,44,0.152053084,1.219573156,O,NA,NA,D,1,NA,32.62,NA,NA,NA,NA,20131121,585180.0178,9820745.065
FST_A01,T03,55,UXIRANA,Sacoglottis guianensis,Humiriaceae,0.84,53.7,0.226484483,4.761531555,O,C,1,A,NA,21.73,38.62,6.2,3.4,6.3,5.8,20131121,585174.4106,9820743.922
FST_A01,T03,56,ABIURANA VERMELHA,Pouteria gongrijpii,Sapotaceae,0.799402922,36.3,0.103491131,1.455567832,O,S,2,A,NA,16.19,27.15,4.4,5.5,7,4.6,20131121,585176.8549,9820742.556
FST_A01,T03,57,CARAMUXI,Pouteria hispida,Sapotaceae,0.87,45.4,0.161883128,3.120073609,O,C,2,A,NA,21.36,34.18,3,4.4,2.3,8,20131121,585170.4418,9820737.588
FST_A01,T03,58,GUAJARA,Pouteria sp.,Sapotaceae,0.781766198,62.9,0.310735715,6.33017258,O,E,1,A,NA,28.58,40.21,8.3,4.6,3,13.4,20131121,585149.0542,9820749.538
FST_A01,T03,59,GUAJARA,Pouteria sp.,Sapotaceae,0.781766198,47.9,0.18020254,3.714502974,O,C,1,A,NA,29.97,40.69,3.7,4.3,4.5,4.3,20131121,585143.6719,9820745.063
FST_A01,T03,60,ENVIRA PRETA,Guatteria schomburgkiana,Annonaceae,0.6,38.5,0.116415643,1.622266211,O,C,1,A,NA,25.59,35.84,0.6,6,5.7,2.1,20131121,585146.7071,9820739.091
FST_A01,T03,61,GUAJARA,Pouteria sp.,Sapotaceae,0.781766198,50,0.196349541,3.946935955,O,S,1,A,NA,29.37,39.68,0.2,0.3,0.3,0.2,20131121,585148.349,9820739.242
FST_A01,T03,62,GUAJARA,Pouteria sp.,Sapotaceae,0.781766198,59.8,0.280861525,5.355515396,O,C,1,A,NA,29.73,37.64,6,4.6,6.2,3.1,20131121,585151.4882,9820732.143
FST_A01,T03,63,GUAJARA,Pouteria sp.,Sapotaceae,0.781766198,62.7,0.308762795,5.415775299,O,C,1,A,NA,27.91,34.62,8.2,4,8.5,4.3,20131121,585161.1278,9820729.964
FST_A01,T03,64,ABIURANA VERMELHA,Pouteria gongrijpii,Sapotaceae,0.799402922,38.4,0.115811672,1.975027084,O,C,2,A,NA,24.25,32.92,1.2,2.6,3.4,2.3,20131121,585158.6129,9820730.3
FST_A01,T03,65,MASSARANDUBA,Manilkara huberi,Sapotaceae,0.93,26.8,0.056410438,0.938953407,O,S,2,A,NA,20.29,27.62,3.7,3.5,3.7,4.5,20131121,585026.2358,9820798.534
FST_A01,T03,66,INGA,Inga marginata,Fabaceae,0.573055556,10,0.007853982,0.040704227,O,S,3,A,NA,10.65,13.95,1,2.5,4.2,0.5,20131121,585025.0974,9820799.349
FST_A01,T03,67,MORTA,NA,NA,0.6,56.4,0.249832014,2.017532263,O,NA,NA,D,1,NA,32.9,NA,NA,NA,NA,20131121,585031.6243,9820803.729
FST_A01,T03,68,JARANA,Lecythis lurida,Lecythidaceae,0.83,54.8,0.23585821,4.464193507,O,C,2,A,NA,17.04,35.19,6.2,7.4,6.5,6.8,20131121,585017.4327,9820804.345
FST_A01,T03,69,MERAUBA,Mouriri collocarpa,Melastomataceae,0.833333333,11.3,0.010028749,0.087639474,O,S,2,A,NA,11.48,16.18,4.2,1.2,1.1,4.3,20131121,585017.4989,9820804.42
FST_A01,T03,70,CUPIUBA,Goupia glabra,Goupiaceae,0.7272025,100,0.785398163,14.54804843,O,E,1,A,NA,25.43,39.3,5.2,8.3,6.5,6,20131121,585023.2722,9820812.154
FST_A01,T03,71,SERINGARANA,Hevea sp.,Euphorbiaceae,0.515536777,58.5,0.268782886,3.945824328,O,E,1,A,NA,31.86,43.94,4.7,2.8,3.4,7.5,20131121,585027.9313,9820819.829
FST_A01,T03,72,BACABA,Oenocarpus bacaba,Arecaceae,NA,21.2,0.035298935,0.093309035,P,C,1,A,NA,22.04,26.12,2.3,2.7,2.5,2.2,20131121,585004.3852,9820816.62
FST_A01,T03,73,ENVIRA PRETA,Guatteria schomburgkiana,Annonaceae,0.6,18,0.0254469,0.140718806,O,S,2,A,NA,7.43,14.22,1.8,6.8,5,1.7,20131121,584999.9707,9820817.333
FST_A01,T03,74,ENVIRA QUIABO,Sterculia pruriens,Malvaceae,0.486208,14.3,0.016060607,0.07224338,O,S,2,A,NA,11.61,14.28,1.3,1.2,3.4,0.4,20131121,584999.9556,9820817.467
FST_A01,T03,75,TAXI PRETO,Tachigali myrmecophila,Fabaceae,0.53,36.2,0.102921717,1.158195579,O,C,2,A,NA,19.15,32.76,1.3,8,2.7,6.4,20131121,585002.1065,9820824.857
FST_A01,T03,76,MATAMATA PRETO,Eschweilera ovata,Lecythidaceae,0.9,20.5,0.033006358,0.464729011,O,S,2,A,NA,19.57,24.14,2,1.6,2.3,1.5,20131121,584991.6764,9820823.27
FST_A01,T03,77,INGA PELUDO,Inga grandis,Fabaceae,0.576407927,11.5,0.010386891,0.087740971,O,S,2,A,NA,17.61,22.61,2.3,2.7,2.1,1,20131121,584988.2494,9820824.5
FST_A01,T03,78,ABIURANA VERMELHA,Pouteria gongrijpii,Sapotaceae,0.799402922,44.3,0.154133604,3.297291315,O,C,2,A,NA,28.01,41.29,3.8,8.6,3.7,7.7,20131121,584999.8474,9820816.443
FST_A01,T03,79,CUPIUBA,Goupia glabra,Goupiaceae,0.7272025,76,0.453645979,9.815993746,O,C,2,A,NA,26.7,45.91,3.4,12.6,11.8,10.4,20131121,585013.9215,9820827.41
FST_A01,T03,80,TANIBUCA,Terminalia amazonia,Combretaceae,0.68038,75,0.441786467,7.590411318,O,C,1,A,NA,25.33,38.96,6.5,6.4,4.7,8.3,20131121,585020.3931,9820836.234
FST_A01,T03,81,ABIURANA CASCA FINA,Pouteria retinervis,Sapotaceae,0.783318031,40.1,0.12629281,1.859108554,O,C,2,A,NA,17.62,29,6.2,4.6,3.3,4.2,20131121,585008.1956,9820844.965
FST_A01,T03,82,GUAJARA,Pouteria sp.,Sapotaceae,0.781766198,47.4,0.176460118,3.147373447,O,C,2,A,NA,24.45,35.2,5.2,4.7,4,3.7,20131121,585019.5611,9820862.03
FST_A01,T03,83,SERINGARANA,Hevea sp.,Euphorbiaceae,0.515536777,59.4,0.277116746,3.752990427,O,C,1,A,NA,29.15,40.53,3,4.3,1.4,4,20131121,585033.638,9820851.22
FST_A01,T03,84,MORTA,NA,NA,0.6,58.5,0.268782886,0.610952841,O,NA,NA,D,1,NA,6.98,NA,NA,NA,NA,20131121,585037.8547,9820846.978
FST_A01,T03,85,CARAPANAUBA,Aspidosperma nitidum,Apocynaceae,0.763327689,63.7,0.318690227,6.752005196,O,E,1,A,NA,27.46,42.83,1,6.7,6,1.4,20131121,585036.8906,9820848.892
FST_A01,T03,86,GUAJARA,Pouteria sp.,Sapotaceae,0.781766198,48,0.180955737,3.230568497,O,C,1,A,NA,28.07,35.24,4.2,6.6,6.5,5.2,20131121,585030.57,9820838.736
FST_A01,T03,87,MORTA,NA,NA,0.6,39,0.119459061,0.282181664,O,NA,NA,D,1,NA,7.32,NA,NA,NA,NA,20131121,585038.098,9820838.241
FST_A01,T03,88,TANIBUCA,Terminalia amazonia,Combretaceae,0.68038,51,0.204282062,3.355979327,O,C,1,A,NA,19.6,37.26,13.6,3,14,7,20131121,585040.3865,9820837.826
FST_A01,T03,89,ABIURANA VERMELHA,Pouteria gongrijpii,Sapotaceae,0.799402922,50,0.196349541,3.48999795,O,C,1,A,NA,21.3,34.31,6.7,4.8,4.2,6,20131121,585032.4396,9820828.835
FST_A01,T03,90,SERINGARANA,Hevea sp.,Euphorbiaceae,0.515536777,58.4,0.267864756,3.579074798,O,C,1,A,NA,19.71,39.99,2.8,3,3.3,2.6,20131121,585049.4822,9820830.093
FST_A01,T03,91,MUIRAPIRANGA,Brosimum rubescens,Moraceae,0.825151429,38.4,0.115811672,1.877231191,O,C,2,A,NA,19.11,30.31,4,2.2,4.6,4,20131121,585055.86,9820829.198
FST_A01,T03,92,MAPARAJUBA,Manilkara amazonica,Sapotaceae,0.883636668,73.3,0.421985794,10.37642749,O,C,1,A,NA,33.63,42.94,4.7,4.4,2.2,13.4,20131121,585042.4525,9820814.328
FST_A01,T03,93,PAU SANTO,Zollernia paraensis,Fabaceae,0.99,12.1,0.011499015,0.132949268,O,S,2,A,NA,13.32,18.02,1.3,0.6,1.8,0.8,20131121,584897.258,9820882.264
FST_A01,T03,94,MASSARANDUBA,Manilkara huberi,Sapotaceae,0.93,70.2,0.387047357,11.51150037,O,E,1,A,NA,33.56,49.35,5.7,6.5,3.4,10,20131121,584906.3093,9820893.624
FST_A01,T03,95,ABIURANA CASCA FINA,Pouteria retinervis,Sapotaceae,0.783318031,25.6,0.051471854,0.70441492,O,S,2,A,NA,22.39,26.96,2.8,4.3,3.7,0.6,20131121,584895.4688,9820886.579
FST_A01,T03,96,ABIURANA BRANCA,Pouteria guianensis,Sapotaceae,0.929561667,13.6,0.014526724,0.202007084,O,S,2,A,NA,17.1,23.08,2.3,1.7,1.8,1.5,20131121,584888.6867,9820887.854
FST_A01,T03,97,GUAJARA,Pouteria sp.,Sapotaceae,0.781766198,41.4,0.134614104,2.456301649,O,C,2,A,NA,26.5,36.02,2.3,9.4,0.7,7.5,20131121,584890.4442,9820890.24
FST_A01,T03,98,ABIURANA VERMELHA,Pouteria gongrijpii,Sapotaceae,0.799402922,51.2,0.205887416,3.852716267,O,C,2,A,NA,22.8,36.12,3.5,4,10,3.7,20131121,584893.1284,9820892.422
FST_A01,T03,99,GUAJARA,Pouteria sp.,Sapotaceae,0.781766198,53,0.220618344,4.903253394,O,E,1,A,NA,27.5,43.87,4.8,2,2.3,2.2,20131121,584888.8948,9820899.32
FST_A01,T03,100,GOMBEIRA,Swartzia laevicarpa,Fabaceae,0.613,53,0.220618344,2.476279976,O,C,2,A,NA,16.71,28.25,1,11.6,5,2.8,20131121,584881.9207,9820892.578
FST_A01,T03,101,MURTA,Strychnos subcordata,Loganiaceae,0.54,11.2,0.009852035,0.054141012,O,S,2,A,NA,10.07,15.7,3.8,2,3,2.3,20131121,584883.6463,9820894.246
FST_A01,T03,102,BREU BRANCO,Protium paniculatum,Burseraceae,0.49,14.3,0.016060607,0.077596497,O,S,2,A,NA,10.26,15.21,2.3,1.3,2.2,1.2,20131121,584877.735,9820897.462
FST_A01,T03,103,MORTA,NA,NA,0.6,70.5,0.390362522,2.604197199,O,NA,NA,D,1,NA,26.05,NA,NA,NA,NA,20131121,584877.1678,9820898.012
FST_A01,T03,104,CANELA DE VELHO,Casearia javitensis,Salicaceae,0.76,10.2,0.008171282,0.050664612,O,S,2,A,NA,6,12.59,2,2,1.4,1.6,20131121,584875.7938,9820898.058
FST_A01,T03,105,MASSARANDUBA,Manilkara huberi,Sapotaceae,0.93,20.1,0.031730871,0.368347124,O,S,1,A,NA,13.13,19.26,1.2,1.2,1.3,2.3,20131121,584875.7939,9820901.767
FST_A01,T03,106,PAU DE REMO,Chimarrhis turbinata,Rubiaceae,0.72,60.9,0.291289256,4.491574027,O,S,1,A,NA,19.77,33.05,2.4,1.5,1.6,2.2,20131121,584876.4331,9820903.759
FST_A01,T03,107,ABIURANA VERMELHA,Pouteria gongrijpii,Sapotaceae,0.799402922,13,0.013273229,0.075901069,O,S,2,A,NA,8.11,11.04,0.8,0.7,0.5,1.8,20131121,584867.9494,9820904.213
FST_A01,T03,108,TAXI PRETO,Tachigali myrmecophila,Fabaceae,0.53,37.7,0.111627856,1.307706032,O,C,2,A,NA,24.35,34.11,7,7.7,4.2,8.5,20131121,584870.5219,9820909.447
FST_A01,T03,109,PAU DE REMO,Chimarrhis turbinata,Rubiaceae,0.72,36.4,0.104062115,1.690818267,O,C,2,A,NA,22.96,34.82,1.3,12.4,1.6,2.5,20131121,584887.6972,9820918.769
FST_A01,T03,110,CUPIUBA,Goupia glabra,Goupiaceae,0.7272025,66,0.34211944,6.541151176,O,C,1,A,NA,26.83,40.57,6.3,11.3,13,7.6,20131121,584884.1023,9820915.294
FST_A01,T03,111,CUTITIRIBA,Pouteria sp.,Sapotaceae,0.781766198,55,0.237582944,4.260294416,O,C,1,A,NA,22.26,35.39,4,6.8,4,4.2,20131121,584891.5312,9820905.99
FST_A01,T03,112,GUAJARA,Pouteria sp.,Sapotaceae,0.781766198,72,0.407150408,7.828593331,O,C,1,A,NA,10.65,37.95,4.5,8.3,7.7,7,20131121,584894.5677,9820930.906
FST_A01,T03,113,MASSARANDUBA,Manilkara huberi,Sapotaceae,0.93,45.6,0.163312553,3.735549418,O,C,1,A,NA,17.26,37.95,3.6,2.8,2.8,7.5,20131121,584929.1567,9820913.513
FST_A01,T03,114,QUINARANA,Geissospermum sericeum,Apocynaceae,0.782,41.3,0.133964579,0.77578538,O,S,1,A,NA,9.55,11.43,0.4,0.4,0.4,0.3,20131121,584901.9956,9820896.873
FST_A01,T03,115,IPE AMARELO,Handroanthus serratifolius,Bignoniaceae,0.64,70.5,0.390362522,6.98974975,O,E,1,A,NA,32.37,43.17,3.4,4,3.3,3.8,20131121,584890.6997,9820887.327
FST_A01,T04,1,ABIU ROSADINHO,Pouteria anibifolia,Sapotaceae,0.66,50.7,0.201885813,2.599128308,O,C,1,A,NA,20.79,30.1,5.6,3.3,3.4,3.7,20131122,585718.7328,9819660.237
FST_A01,T04,2,INGA CHICHICA,Inga heterophylla,Fabaceae,0.56,36,0.101787602,0.994011163,O,S,1,A,NA,19.11,26.91,1.6,1.5,1.4,2.4,20131122,585725.2183,9819666.788
FST_A01,T04,3,MACUCU,Licania heteromorpha,Chrysobalanaceae,0.816432848,44.3,0.154133604,2.675543828,O,C,2,A,NA,20.15,32.81,2.5,9.2,5,5.6,20131122,585714.0038,9819668.663
FST_A01,T04,4,MUIRAPIRANGA,Brosimum rubescens,Moraceae,0.825151429,87.4,0.599946807,13.0156983,O,C,1,A,NA,24,40.57,7,4.4,5.3,8.2,20131122,585716.8574,9819672.477
FST_A01,T04,5,TATAPIRIRICA,Tapirira guianensis,Anacardiaceae,0.457009167,36,0.101787602,1.005752236,O,S,2,A,NA,20.71,33.36,0.7,7,3.7,2,20131122,585714.5714,9819667.273
FST_A01,T04,6,ABIU ROSADINHO,Pouteria anibifolia,Sapotaceae,0.66,10.9,0.009331316,0.067061091,O,S,2,A,NA,12.45,16.8,0.7,2.4,0.8,3.3,20131122,585708.0761,9819660.08
FST_A01,T04,7,ABIURANA BRANCA,Pouteria guianensis,Sapotaceae,0.929561667,16.6,0.021642432,0.333077275,O,S,2,A,NA,15.56,25.55,1.7,0.3,1.4,1,20131122,585700.2472,9819663.967
FST_A01,T04,8,INHARE,Helicostylis sp.,Moraceae,0.652522564,10.5,0.008659015,0.051434435,O,S,2,A,NA,9.69,14.05,0.2,2.5,1,1.8,20131122,585702.686,9819662.73
FST_A01,T04,9,NI,NI,NI,0.64,41.2,0.133316626,1.715046023,O,C,2,A,NA,19.05,31.02,2.8,8,3.8,5,20131122,585701.6478,9819669.013
FST_A01,T04,10,MURTA,Strychnos subcordata,Loganiaceae,0.54,35.7,0.100098211,1.043084276,O,S,2,A,NA,22.62,29.78,1.6,3.5,1,6.4,20131122,585710.462,9819673.849
FST_A01,T04,11,GOMBEIRA,Swartzia laevicarpa,Fabaceae,0.613,40,0.125663706,1.76047943,O,C,1,A,NA,22.98,35.26,6.3,1.2,6,7.3,20131122,585701.6993,9819674.372
FST_A01,T04,12,SUMAUMA DA TERRA FIRME,Bombax paraense,Malvaceae,0.39,43.7,0.149986702,1.336835528,O,C,2,A,NA,23.88,35.26,3.7,5.8,2.5,6.7,20131122,585698.5927,9819671.344
FST_A01,T04,13,AÇOITA CAVALO,Luehea speciosa,Malvaceae,0.507,41,0.132025431,1.562645973,O,E,1,A,NA,27.41,36.02,4.6,2.5,3.7,4.3,20131122,585687.0184,9819669.862
FST_A01,T04,14,TIMBORANA,Pseudopiptadenia suaveolens,Fabaceae,0.679712857,23.5,0.043373614,0.669131811,O,C,2,A,NA,25.73,35.02,3.7,0.7,0.8,3.6,20131122,585688.6916,9819672.495
FST_A01,T04,15,MAPARAJUBA,Manilkara amazonica,Sapotaceae,0.883636668,55.3,0.240181827,4.579113993,O,E,1,A,NA,19.38,33.29,7,4,6.7,5.5,20131122,585686.2095,9819689.379
FST_A01,T04,16,MAPARAJUBA,Manilkara amazonica,Sapotaceae,0.883636668,46,0.166190251,3.232552071,O,C,2,A,NA,23.6,33.97,3.6,5,5.7,4.3,20131122,585709.7862,9819691.461
FST_A01,T04,17,JUTAI POROROCA,Dialium guianense,Fabaceae,0.890242424,40.8,0.13074052,2.46220639,O,C,2,A,NA,19.86,32.64,3.7,6,6.3,5.6,20131122,585713.0292,9819691.827
FST_A01,T04,18,MUIRAPIRANGA,Brosimum rubescens,Moraceae,0.825151429,61,0.292246657,6.069332834,O,S,1,A,NA,24.27,38.84,3.8,5.7,6.5,7.5,20131122,585718.5427,9819686.632
FST_A01,T04,19,ANGELIM RAJADO,Zygia racemosa,Fabaceae,0.75,47,0.173494454,2.69794067,O,C,1,A,NA,22.1,31.99,3,2.5,1.6,3,20131122,585728.5644,9819677.872
FST_A01,T04,20,ACARIQUARA,Minquartia guianensis,Olacaceae,0.77,99.2,0.772882058,14.43570615,O,C,1,A,NA,26.27,37.43,1.8,11.3,4,11,20131122,585584.3182,9819737.589
FST_A01,T04,21,BREU BARROTE,Tetragastris panamensis,Burseraceae,0.732202857,18.4,0.02659044,0.285195914,O,S,2,A,NA,14.49,22.6,1.5,2,5,1.7,20131122,585587.8999,9819735.703
FST_A01,T04,22,MATAMATA PRETO,Eschweilera ovata,Lecythidaceae,0.9,13.3,0.013892908,0.119411622,O,S,2,A,NA,9.46,14.74,2.7,1.3,3.4,2,20131122,585572.5065,9819745.082
FST_A01,T04,23,INHARE,Helicostylis sp.,Moraceae,0.652522564,36.5,0.10463467,1.773823913,O,C,2,A,NA,27.26,40.09,3.5,2.7,4.7,3.8,20131122,585572.3562,9819745.527
FST_A01,T04,24,GUARIUBA,Clarisia racemosa,Moraceae,0.585417648,45.5,0.162597055,2.489878162,O,C,2,A,NA,31.83,40.36,4.5,2.6,8,2.3,20131122,585589.9356,9819734.432
FST_A01,T04,25,ABIURANA BRANCA,Pouteria guianensis,Sapotaceae,0.929561667,41,0.132025431,2.559084347,O,C,2,A,NA,21.87,32.18,9.6,1,5,2.7,20131122,585588.1379,9819746.553
FST_A01,T04,26,MAPARAJUBA,Manilkara amazonica,Sapotaceae,0.883636668,67.5,0.357847038,7.379420242,O,C,2,A,NA,23.57,36.01,8.7,5.5,10,5,20131122,585569.7951,9819758.125
FST_A01,T04,27,MERAUBA,Mouriri collocarpa,Melastomataceae,0.833333333,38.9,0.118847235,2.48161596,O,C,2,A,NA,26.29,38.66,5.4,7.4,7,4.2,20131122,585560.7621,9819755.81
FST_A01,T04,28,CUMARU,Dipteryx odorata,Fabaceae,0.92,93,0.679290872,16.40098068,O,E,1,A,NA,20.11,40.49,6.6,8.8,9.2,6.4,20131122,585564.5993,9819761.487
FST_A01,T04,29,GOMBEIRA,Swartzia laevicarpa,Fabaceae,0.613,35,0.096211275,1.600814491,O,C,2,A,NA,28.41,41.88,2.6,4.2,1,8.3,20131122,585554.9464,9819756.516
FST_A01,T04,30,PEDRA UMI,NI,NI,0.64,17.3,0.023506182,0.147635216,O,S,2,A,NA,10.59,15.14,4.6,1.6,3,3.4,20131122,585552.458,9819755.496
FST_A01,T04,31,BREU BARROTE,Tetragastris panamensis,Burseraceae,0.732202857,11.4,0.010207035,0.052529461,O,S,2,A,NA,7.36,10.85,0.6,5.6,1.2,2,20131122,585550.6768,9819756.609
FST_A01,T04,32,MAPARAJUBA,Manilkara amazonica,Sapotaceae,0.883636668,62.1,0.302881733,5.084432247,O,C,1,A,NA,19.06,29.31,4.3,5.7,8,4.6,20131122,585569.9168,9819782.854
FST_A01,T04,33,FAVA FOLHA FINA,Pseudopiptadenia psilostachya,Fabaceae,0.67,45.9,0.16546847,3.003521905,O,C,2,A,NA,23.61,41.8,3.7,2.6,1,5,20131122,585570.9539,9819782.557
FST_A01,T04,34,ENVIRA PRETA,Guatteria schomburgkiana,Annonaceae,0.6,47.7,0.178700859,3.196894594,O,C,1,A,NA,30.93,46.01,9,3.4,5,4.5,20131122,585575.4175,9819781.759
FST_A01,T04,35,ENVIRA PRETA,Guatteria schomburgkiana,Annonaceae,0.6,40.4,0.128189547,2.03026487,O,C,2,A,NA,26.83,40.73,5.7,4,2.5,5.7,20131122,585574.3259,9819788.291
FST_A01,T04,36,CAJUAÇU,Anacardium spruceanum,Anacardiaceae,0.479166667,50,0.196349541,2.21667482,O,C,2,A,NA,26.21,36.35,7.2,4.3,7.8,5.3,20131122,585579.8768,9819777.804
FST_A01,T04,37,AÇOITA CAVALO,Luehea speciosa,Malvaceae,0.507,55,0.237582944,2.924725882,O,E,1,A,NA,27.73,37.47,4.6,3.2,7.8,4.8,20131122,585568.8753,9819779.994
FST_A01,T04,38,GUARIUBA,Clarisia racemosa,Moraceae,0.585417648,41.1,0.132670243,1.081528416,O,C,2,A,NA,13.79,21.49,3.4,4.8,3.3,5.3,20131122,585596.1105,9819785.217
FST_A01,T04,39,GOMBEIRA,Swartzia laevicarpa,Fabaceae,0.613,47.7,0.178700859,2.191602188,O,C,2,A,NA,15.86,30.87,5.6,3.8,4.8,5,20131122,585565.0281,9819748.465
FST_A01,T04,40,ENVIRA PRETA,Guatteria schomburgkiana,Annonaceae,0.6,12.1,0.011499015,0.111273191,O,S,1,A,NA,17.64,24.89,2.2,1.8,0.3,4.2,20131122,585459.9502,9819814.682
FST_A01,T04,41,UXIRANA,Sacoglottis guianensis,Humiriaceae,0.84,12.2,0.011689866,0.080372868,O,S,2,A,NA,9.04,12.63,4.7,1.3,4.5,1.2,20131122,585456.3229,9819817.172
FST_A01,T04,42,SUCUPIRA,Diplotropis sp.,Fabaceae,0.749567333,17.1,0.022965828,0.163529193,O,S,1,A,NA,12.45,14.66,0.8,1,0.7,0.8,20131122,585449.527,9819819.671
FST_A01,T04,43,CARAMURI,Parkia paraensis,Fabaceae,0.41,19,0.028352874,0.111100452,O,S,1,A,NA,10.08,14.75,1.4,2.2,1.6,1.5,20131122,585430.9665,9819835.546
FST_A01,T04,44,CUPIUBA,Goupia glabra,Goupiaceae,0.7272025,66,0.34211944,5.860776747,O,C,2,A,NA,24.61,36.35,8.6,9.8,8.7,11.5,20131122,585437.2211,9819847.147
FST_A01,T04,45,MORTA,NA,NA,0.58,41.9,0.137885287,1.035862068,O,NA,NA,D,3,NA,31.39,NA,NA,NA,NA,20131122,585439.033,9819844.699
FST_A01,T04,46,ANGELIM PEDRA,Hymenolobium petraeum,Fabaceae,0.713,55.8,0.244544714,3.167696672,O,C,2,A,NA,21.9,28.03,3.4,3,1.5,3.6,20131122,585439.0584,9819862.745
FST_A01,T04,47,MORTA,NA,NA,0.58,60,0.282743339,1.458547436,O,NA,NA,D,3,NA,19.82,NA,NA,NA,NA,20131122,585449.1311,9819866.666
FST_A01,T04,48,PARAPARA,Jacaranda copaia,Bignoniaceae,0.353578132,48.5,0.184745283,1.246593557,O,C,2,A,NA,25.97,29.45,1,6.2,5.5,3.2,20131122,585447.6455,9819866.482
FST_A01,T04,49,MUIRAPIRANGA,Brosimum rubescens,Moraceae,0.825151429,68.7,0.370683586,7.479408198,O,E,1,A,NA,21.39,37.73,5.2,6.5,8.6,9.8,20131122,585456.8853,9819864.955
FST_A01,T04,50,MASSARANDUBA,Manilkara huberi,Sapotaceae,0.93,85.7,0.576834896,14.75073523,O,E,1,A,NA,31.02,42.43,7.2,10.5,9.7,7.4,20131122,585470.5817,9819863.98
FST_A01,T04,51,CUMARU DE FERRO,Dipteryx sp.,Fabaceae,0.913,59.5,0.278050585,4.69743116,O,C,2,A,NA,16.3,28.55,7.6,10.4,7.5,7.6,20131122,585462.9738,9819852.345
FST_A01,T04,52,ENVIRA PRETA,Guatteria schomburgkiana,Annonaceae,0.6,43,0.14522012,1.830089177,O,C,2,A,NA,22.4,32.41,7.5,4.8,5.6,6.5,20131122,585470.23,9819848.566
FST_A01,T04,53,LACRE DA MATA,Vismia floribunda,Hypericaceae,0.469625714,55.7,0.243668995,2.332904252,O,C,2,A,NA,25.62,31.46,6,3.4,5.2,4,20131122,585467.4085,9819837.257
FST_A01,T04,54,TATAPIRIRICA,Tapirira guianensis,Anacardiaceae,0.457009167,54.7,0.234998199,1.739640099,O,C,2,A,NA,20.82,24.99,5.4,4,9,3.2,20131122,585471.5287,9819833.224
FST_A01,T04,55,MANGABARANA,Micropholis acutangula,Sapotaceae,0.65,41.4,0.134614104,1.836287272,O,C,2,A,NA,22.13,32.38,3,4.6,4.6,3.4,20131122,585466.0742,9819827.336
FST_A01,T04,56,JUTAI POROROCA,Dialium guianense,Fabaceae,0.890242424,51.4,0.207499053,4.129219934,O,S,1,A,NA,23.65,34.49,4.2,2.6,2.7,6.3,20131122,585459.9688,9819827.915
FST_A01,T04,57,MANDIOQUEIRA,Qualea paraensis,Vochysiaceae,0.689333333,16.1,0.020358306,0.231151743,O,S,2,A,NA,16.15,25.42,2.3,3.5,2.4,4,20131122,585334.705,9819897.619
FST_A01,T04,58,BREU BARROTE,Tetragastris panamensis,Burseraceae,0.732202857,11.1,0.009676891,0.051050188,O,S,2,A,NA,7.33,11.12,4.3,0.4,2.2,0.6,20131122,585334.5626,9819899.557
FST_A01,T04,59,MORTA,NA,NA,0.6,11.3,0.010028749,0.039624199,O,NA,NA,D,1,NA,13.73,NA,NA,NA,NA,20131122,585332.534,9819900.145
FST_A01,T04,60,BREU BRANCO,Protium paniculatum,Burseraceae,0.49,10,0.007853982,0.037034502,O,S,2,A,NA,12.82,14.85,2,2.7,1.2,2.5,20131122,585327.5184,9819902.158
FST_A01,T04,61,JARANA,Lecythis lurida,Lecythidaceae,0.83,20.1,0.031730871,0.413785102,O,S,2,A,NA,21.1,24.24,2.8,2,2,5,20131122,585322.9528,9819905.042
FST_A01,T04,62,CARAMURI,Parkia paraensis,Fabaceae,0.41,23.3,0.042638481,0.331025137,O,S,2,A,NA,17.88,29.22,1.7,2.7,2,2.8,20131122,585319.9239,9819906.147
FST_A01,T04,63,BREU BRANCO,Protium paniculatum,Burseraceae,0.49,18.7,0.027464588,0.15279234,O,S,2,A,NA,15.67,17.52,1.2,1.7,0.7,2.3,20131122,585316.639,9819910.185
FST_A01,T04,64,MORTA,NA,NA,0.6,17.1,0.022965828,0.05191555,O,NA,NA,D,1,NA,6.94,NA,NA,NA,NA,20131122,585319.2872,9819909.667
FST_A01,T04,65,GUAJARA,Pouteria sp.,Sapotaceae,0.781766198,59.6,0.278985994,4.47626428,O,C,1,A,NA,18.74,31.67,4,5,5.2,3.7,20131122,585319.1454,9819910.912
FST_A01,T04,66,CARAMURI,Parkia paraensis,Fabaceae,0.41,39.9,0.125036173,0.870811102,O,S,2,A,NA,19.66,26.21,5.8,0.3,5.5,3.2,20131122,585321.6785,9819913.47
FST_A01,T04,67,BREU DE LEITE,Thyrsodium paraense,Anacardiaceae,0.613333333,11.9,0.011122023,0.08259152,O,S,2,A,NA,14.86,18.68,1.8,1.2,1.3,1.5,20131122,585317.8199,9819912.904
FST_A01,T04,68,LOURO,Ocotea sp.,Lauraceae,0.500567938,45.7,0.164029621,1.841524035,O,C,2,A,NA,22.65,34.61,3.5,5,3.5,7.6,20131122,585308.9997,9819917.32
FST_A01,T04,69,ANDIROBARANA,Guarea guidonia,Meliaceae,0.54763,10.9,0.009331316,0.033176519,O,S,2,A,NA,10.43,10.02,1.2,1.3,1.6,1.6,20131122,585306.6073,9819914.904
FST_A01,T04,70,BREU BRANCO,Protium paniculatum,Burseraceae,0.49,13,0.013273229,0.069795537,O,S,2,A,NA,9.8,16.56,2,1.1,1.2,2.6,20131122,585305.62,9819916.682
FST_A01,T04,71,LOURO PRETO,Nectandra cuspidata,Lauraceae,0.56,12.6,0.012468981,0.090609017,O,S,2,A,NA,15.95,20.02,2.3,1.4,1.2,1.1,20131122,585301.1787,9819922.606
FST_A01,T04,72,LOURO,Ocotea sp.,Lauraceae,0.500567938,46.6,0.170553924,2.04842001,O,C,2,A,NA,22.65,37.02,5.4,4.4,3.8,6.5,20131122,585315.7524,9819926.914
FST_A01,T04,73,MORTA,NA,NA,0.6,38.5,0.116415643,0.855212548,O,NA,NA,D,1,23,29.3,NA,NA,NA,NA,20131122,585324.9108,9819922.285
FST_A01,T04,74,BREU BRANCO,Protium paniculatum,Burseraceae,0.49,37.2,0.108686539,1.342839898,O,NA,NA,A,NA,22.07,38.91,5,3,4.7,3,20131122,585322.9306,9819932.775
FST_A01,T04,75,ABIURANA VERMELHA,Pouteria gongrijpii,Sapotaceae,0.799402922,46.3,0.168365019,2.585096114,O,NA,NA,A,NA,22.22,29.64,3.6,1.5,2.2,2.4,20131122,585320.536,9819933.133
FST_A01,T04,76,MORTA,NA,NA,0.6,57.4,0.258769845,0.362787974,O,NA,NA,D,1,NA,3.87,NA,NA,NA,NA,20131122,585317.2959,9819934.024
FST_A01,T04,77,JACARIUBA,NI,NI,0.62,35,0.096211275,1.131548124,O,NA,NA,A,NA,22.63,29.27,5,4.8,6,2.2,20131122,585312.7848,9819939.184
FST_A01,T04,78,ABIURANA VERMELHA,Pouteria gongrijpii,Sapotaceae,0.799402922,40.8,0.13074052,1.905837545,O,NA,NA,A,NA,20.34,28.14,4.1,4,3,4.2,20131122,585311.7975,9819940.962
FST_A01,T04,79,ANGELIM VERMELHO,Dinizia excelsa,Fabaceae,0.93935,40,0.125663706,2.140715518,O,C,2,A,NA,20.08,27.98,4.6,3.7,5.6,5,20131122,585323.0613,9819945.398
FST_A01,T04,80,LOURO PRETO,Nectandra cuspidata,Lauraceae,0.56,40.7,0.13010042,1.347243821,O,C,2,A,NA,25.05,28.53,5.8,5,7,6.4,20131122,585330.5232,9819948.77
FST_A01,T04,81,ENVIRA PRETA,Guatteria schomburgkiana,Annonaceae,0.6,37.4,0.109858354,1.570727696,O,C,2,A,NA,26.84,36.77,4,4.7,4.8,4.3,20131122,585331.9416,9819936.324
FST_A01,T04,82,CUPIUBA,Goupia glabra,Goupiaceae,0.7272025,61,0.292246657,6.100756445,O,C,2,A,NA,21.45,44.29,10.2,6.3,13,5.2,20131122,585346.0199,9819943.602
FST_A01,T04,83,CASCA DOCE,Glycydendron amazonicum,Euphorbiaceae,0.67,41,0.132025431,1.867630509,O,C,1,A,NA,26.09,32.58,3.5,3.2,5.2,3.7,20131122,585348.7149,9819919.955
FST_A01,T04,84,ENVIRA PRETA,Guatteria schomburgkiana,Annonaceae,0.6,51.9,0.211555635,2.444467064,O,C,1,A,NA,20.41,29.72,6.4,5,4.2,5,20131122,585332.9345,9819927.612
FST_A01,T04,85,MASSARANDUBA,Manilkara huberi,Sapotaceae,0.93,51.7,0.20992829,4.273715994,O,C,1,A,NA,25.46,33.78,0,8.7,8.8,5.3,20131122,585339.0002,9819915.696
FST_A01,T04,86,MORTA,NA,NA,0.45,39.1,0.120072457,0.318729521,O,NA,NA,D,4,NA,12,NA,NA,NA,NA,20131122,585333.093,9819905.567
FST_A01,T05,1,ANGELIM RAJADO,Zygia racemosa,Fabaceae,0.75,18.4,0.02659044,0.273355921,O,C,2,A,NA,14.77,21.15,1.6,4.3,1.9,3.4,20131118,587340.8683,9822460.032
FST_A01,T05,2,MORTA,NA,NA,0.6,18.4,0.02659044,0.151248364,O,NA,NA,D,1,NA,21.43,NA,NA,NA,NA,20131118,587341.1722,9822462.717
FST_A01,T05,3,ENVIRA BRANCA,Annona exsucca,Annonaceae,0.4424,10.9,0.009331316,0.049730101,O,S,3,A,NA,7.99,18.59,1.8,2.4,2.7,2.3,20131118,587337.7124,9822450.426
FST_A01,T05,4,COQUIRANA,Chrysophyllum sanguinolentum,Sapotaceae,0.671418932,14.2,0.015836769,0.092292138,O,S,3,A,NA,4.53,13.39,4.5,2.3,3.6,2.2,20131118,587336.9323,9822449.541
FST_A01,T05,5,ANGELIM RAJADO,Zygia racemosa,Fabaceae,0.75,24.8,0.048305129,0.596100903,O,C,2,A,NA,16.36,25.39,4.2,2.1,4.5,4.6,20131118,587332.8325,9822450.7
FST_A01,T05,6,GRAO DE GUARIBA,Mayna odorata,Flacourtiaceae,0.62,10.3,0.008332289,0.036317055,O,S,3,A,NA,7.98,10.85,2.4,1.2,1.6,2.5,20131118,587330.9761,9822445.929
FST_A01,T05,7,MATAMATA BRANCO,Eschweilera coriacea,Lecythidaceae,0.852013744,12.8,0.012867964,0.12147695,O,S,2,A,NA,11.8,17.1,1.8,2,1.7,1.7,20131118,587330.2038,9822444.729
FST_A01,T05,8,MURUMURU,Astrocaryum murumuru,Arecaceae,NA,13.1,0.013478218,0.038167267,P,S,2,A,NA,12.68,18.64,5.7,5,4.8,3.2,20131118,587331.5702,9822441.849
FST_A01,T05,9,MUIRATINGA,Maquira sclerophylla,Moraceae,0.53,15.2,0.018145839,0.09599501,O,S,2,A,NA,10.44,15.4,2.8,1.7,3.5,1.5,20131118,587328.6863,9822441.227
FST_A01,T05,10,MURTA,Strychnos subcordata,Loganiaceae,0.54,16,0.020106193,0.151631476,O,S,1,A,NA,15.2,21.55,1.2,1,1.7,0.7,20131118,587323.8957,9822437.88
FST_A01,T05,11,MURUMURU,Astrocaryum murumuru,Arecaceae,NA,12.9,0.013069811,0.037092266,P,S,2,A,NA,4.4,9.31,3.2,1.4,1.7,2.8,20131118,587322.0393,9822433.11
FST_A01,T05,12,MORTA,NA,NA,0.58,16.9,0.022431757,0.045121124,O,NA,NA,D,3,NA,6.27,NA,NA,NA,NA,20131118,587320.1621,9822426.685
FST_A01,T05,13,ABIURANA VERMELHA,Pouteria gongrijpii,Sapotaceae,0.799402922,11,0.009503318,0.074416646,O,S,2,A,NA,10.17,15.11,1.2,1.4,1.7,1.4,20131118,587317.068,9822427.081
FST_A01,T05,14,MATAMATA VERMELHO,Eschweilera grandifolia,Lecythidaceae,0.876,71.5,0.401515176,4.774228319,O,C,1,A,NA,10.57,20.94,3.8,4,4.7,3.8,20131118,587317.5821,9822428.747
FST_A01,T05,15,QUINARANA,Geissospermum sericeum,Apocynaceae,0.782,27,0.057255526,1.30575982,O,S,2,A,NA,27.84,45,3.6,4.4,6.7,3,20131118,587313.2676,9822423.601
FST_A01,T05,16,UXI,Endopleura uchi,Humiriaceae,0.771796039,74.3,0.433578271,8.693868391,O,C,1,A,NA,26.53,40.09,5.7,6.4,5.7,4.6,20131118,587315.4201,9822431.371
FST_A01,T05,17,PAU JACARE,Laetia procera,Salicaceae,0.633026084,47.3,0.175716346,2.958764002,O,C,1,A,NA,30.38,41.04,7.8,4.3,0.8,13.2,20131118,587312.9154,9822432.885
FST_A01,T05,18,CUPIUBA,Goupia glabra,Goupiaceae,0.7272025,75.1,0.44296535,8.391916192,O,C,1,A,NA,27.7,40.2,9.3,3,4,12.3,20131118,587311.5691,9822442.458
FST_A01,T05,19,FREIJO BRANCO,Cordia scabrifolia,Boraginaceae,0.474,46,0.166190251,1.984372657,O,S,2,A,NA,27.46,38.87,3.2,2.8,2.4,1.8,20131118,587315.0888,9822442.309
FST_A01,T05,20,ABIURANA VERMELHA,Pouteria gongrijpii,Sapotaceae,0.799402922,35.6,0.099538222,1.596048413,O,C,1,A,NA,22.88,30.95,1.6,3.2,1.7,3.3,20131118,587298.8545,9822462.777
FST_A01,T05,21,QUINARANA,Geissospermum sericeum,Apocynaceae,0.782,51.4,0.207499053,2.7667813,O,C,2,A,NA,18.17,26.31,4.5,3.7,4.3,4.5,20131118,587291.3343,9822457.551
FST_A01,T05,22,MATAMATA VERMELHO,Eschweilera grandifolia,Lecythidaceae,0.876,66.5,0.347322703,8.897310996,O,C,2,A,NA,27.72,45.12,11.2,3.6,2.2,6.2,20131118,587291.9314,9822458.354
FST_A01,T05,23,SUCUPIRA BABONA,Diplotropis sp.,Fabaceae,0.749567333,51.8,0.210741177,3.158053982,O,E,1,A,NA,22.8,30.85,2.8,3.8,1.7,4.7,20131118,587291.8538,9822461.502
FST_A01,T05,24,CORAÇAO DE NEGRO,Swartzia corrugata,Fabaceae,1.0565,52,0.212371663,4.81459421,O,C,1,A,NA,14.82,33.11,1.9,2.8,0,6.7,20131118,587297.8246,9822469.523
FST_A01,T05,25,QUINARANA,Geissospermum sericeum,Apocynaceae,0.782,53,0.220618344,2.941713225,O,C,2,A,NA,15.17,26.31,5.4,4.4,5.7,3.5,20131118,587306.1686,9822456.342
FST_A01,T05,26,JARANA,Lecythis lurida,Lecythidaceae,0.83,64.3,0.324722085,4.903426901,O,C,1,A,NA,19.35,28.07,0.8,2.7,1,3.6,20131118,587319.8476,9822451.955
FST_A01,T05,27,CARAMUXI,Pouteria hispida,Sapotaceae,0.87,42.7,0.143200862,2.465995784,O,C,2,A,NA,20.66,30.54,3.3,3.2,3.7,3,20131118,587329.7889,9822449.05
FST_A01,T05,28,FREIJO BRANCO,Cordia scabrifolia,Boraginaceae,0.474,48,0.180955737,1.74783196,O,E,1,A,NA,28.45,31.44,3.2,1.5,2.4,3.3,20131118,587328.8008,9822459.105
FST_A01,T05,29,BREU MANGA,Tetragastris altissima,Burseraceae,0.707804286,49,0.188574099,3.008313776,O,C,2,A,NA,22.99,34.78,3.4,2.5,2.5,2.2,20131118,587315.2413,9822463.653
FST_A01,T05,30,FAVA ORELHA DE MACACO,Enterolobium schomburgkii,Fabaceae,0.711902716,58.2,0.266033207,4.598523912,O,C,2,A,NA,24.11,37.47,6.5,1,7.8,11.2,20131118,587307.5719,9822474.488
FST_A01,T05,31,CARIPE,Licania octandra,Chrysobalanaceae,0.825,44.3,0.154133604,3.23019604,O,C,2,A,NA,25.15,39.2,6.8,4.3,3.8,4.7,20131118,587304.3537,9822479.921
FST_A01,T05,32,CARAMURI,Parkia paraensis,Fabaceae,0.41,39.5,0.122541748,1.117113963,O,C,2,A,NA,28.11,34.31,3.6,3,3.2,2.2,20131118,587309.9214,9822479.271
FST_A01,T05,33,MAPARAJUBA,Manilkara amazonica,Sapotaceae,0.883636668,80.1,0.503912247,8.989433101,O,E,1,A,NA,26.39,31.15,6.5,6.7,3.4,8.3,20131118,587316.5281,9822486.521
FST_A01,T05,34,QUINARANA,Geissospermum sericeum,Apocynaceae,0.782,37.2,0.108686539,1.225062698,O,C,2,A,NA,12.33,22.24,4.2,3.2,5.3,4.3,20131118,587316.6894,9822489.99
FST_A01,T05,35,QUINARANA,Geissospermum sericeum,Apocynaceae,0.782,38.6,0.117021185,1.62658838,O,C,2,A,NA,13.36,27.43,5,2.2,2.9,3.3,20131118,587317.9014,9822488.366
FST_A01,T05,36,ANGELIM RAJADO,Zygia racemosa,Fabaceae,0.75,42.6,0.142530917,1.793773818,O,C,2,A,NA,19.27,25.89,4.2,0,1.7,2.4,20131118,587315.6774,9822493.509
FST_A01,T05,37,CARAPANAUBA,Aspidosperma nitidum,Apocynaceae,0.763327689,101,0.801184666,14.71904552,O,E,1,A,NA,25.26,37.14,5.6,10.3,7.2,5.8,20131118,587328.4546,9822478.153
FST_A01,T05,38,INGA BRANCO,Inga thibaudiana,Fabaceae,0.576407927,20.9,0.034306977,0.269702687,O,C,2,A,NA,13.78,21.04,2.3,4.7,4.6,2.8,20131118,587248.8915,9822352.637
FST_A01,T05,39,MORTA,NA,NA,0.6,77,0.465662571,1.171316155,O,NA,NA,D,1,NA,7.9,NA,NA,NA,NA,20131118,587244.5163,9822355.141
FST_A01,T05,40,QUINARANA,Geissospermum sericeum,Apocynaceae,0.782,27.4,0.058964553,0.453552285,O,S,2,A,NA,6.59,15.18,4.6,4.7,5,4.9,20131118,587241.838,9822348.824
FST_A01,T05,41,BACABA,Oenocarpus bacaba,Arecaceae,NA,10.2,0.008171282,0.023982194,P,S,2,A,NA,2.62,10.58,3.2,2.3,3.8,1.2,20131118,587236.2011,9822342.584
FST_A01,T05,42,ENVIRA CANA,Xylopia cayennensis,Annonaceae,0.57,16.9,0.022431757,0.168960426,O,S,2,A,NA,18.41,20.39,3.4,1.2,1.8,1.6,20131118,587235.2412,9822342.973
FST_A01,T05,43,BREU DE LEITE,Thyrsodium paraense,Anacardiaceae,0.613333333,26.3,0.054325206,0.529490446,O,E,1,A,NA,13.23,24.52,7.4,0.7,3,1.1,20131118,587237.0188,9822337.555
FST_A01,T05,44,UCUUBA VERMELHA,Virola elongata,Myristicaceae,0.52,27,0.057255526,0.496537977,O,S,2,A,NA,19.55,25.73,5.7,3.2,4.8,5.3,20131118,587235.2779,9822335.107
FST_A01,T05,45,QUINARANA,Geissospermum sericeum,Apocynaceae,0.782,35.4,0.098422956,1.255106881,O,S,2,A,NA,11.37,25.16,3.7,4.8,3.4,2.7,20131118,587229.6025,9822334.421
FST_A01,T05,46,JUTAI POROROCA,Dialium guianense,Fabaceae,0.890242424,26.2,0.053912872,0.828196179,O,C,2,A,NA,14.78,26.63,3.2,4.2,3.2,6.4,20131118,587221.3498,9822324.254
FST_A01,T05,47,ENVIRA CANA,Xylopia cayennensis,Annonaceae,0.57,12.4,0.012076282,0.093560427,O,S,2,A,NA,14.46,20.97,1.1,2.3,1.2,1.3,20131118,587218.1459,9822320.546
FST_A01,T05,48,BREU BARROTE,Tetragastris panamensis,Burseraceae,0.732202857,14,0.015393804,0.135467842,O,S,2,A,NA,9.92,18.55,1.8,2,1.7,2.4,20131118,587217.3631,9822315.396
FST_A01,T05,49,TIMBORANA,Pseudopiptadenia suaveolens,Fabaceae,0.679712857,67,0.352565236,6.701326516,O,S,1,A,NA,29.8,43.15,6.2,11.3,11.2,10.6,20131118,587203.9192,9822324.967
FST_A01,T05,50,TIMBORANA,Pseudopiptadenia suaveolens,Fabaceae,0.679712857,81.3,0.519123839,10.9260771,O,E,1,A,NA,30.75,47.78,2.3,13.2,6.4,7.6,20131118,587226.5814,9822332.107
FST_A01,T05,51,QUINARANA,Geissospermum sericeum,Apocynaceae,0.782,57.5,0.259672268,3.44651928,O,C,1,A,NA,17.8,26.19,2.4,6.3,2.6,4.5,20131118,587219.4588,9822338.757
FST_A01,T05,52,QUINARANA,Geissospermum sericeum,Apocynaceae,0.782,96,0.723822947,15.30263066,O,E,1,A,NA,26.34,41.72,10.5,9.7,11.6,3.4,20131118,587219.7819,9822342.479
FST_A01,T05,53,SABUEIRO,Abarema jupunba,Fabaceae,0.585128571,37.7,0.111627856,1.122524119,O,C,2,A,NA,13.99,26.52,5.2,2.7,3.2,5,20131118,587219.3271,9822346.829
FST_A01,T05,54,QUINARANA,Geissospermum sericeum,Apocynaceae,0.782,43.8,0.150673925,1.953797775,O,C,2,A,NA,17.41,25.59,2.8,5.6,3.7,5.5,20131118,587208.3442,9822340.665
FST_A01,T05,55,AÇOITA CAVALO,Luehea speciosa,Malvaceae,0.507,62,0.301907054,3.257411684,O,C,2,A,NA,21.45,32.84,6.2,3.4,3.5,7.6,20131118,587206.2726,9822346.192
FST_A01,T05,56,CAFERANA,Quiina florida,Quiinaceae,0.728,42,0.138544236,1.883312728,O,C,2,A,NA,15.49,28.81,1.4,1,1,1.2,20131118,587209.1222,9822340.037
FST_A01,T05,57,QUINARANA,Geissospermum sericeum,Apocynaceae,0.782,53.6,0.225641751,2.854276226,O,C,2,A,NA,14.62,24.96,5.8,4.3,3,5.8,20131118,587202.1913,9822327.647
FST_A01,T05,58,MUIRATINGA,Maquira sclerophylla,Moraceae,0.53,41.7,0.136572101,1.122705719,O,C,2,A,NA,16.5,23.93,5,3.2,2.8,2.3,20131118,587200.0386,9822339.663
FST_A01,T05,59,MORTA,NA,NA,0.7,47.5,0.177205461,0.681442344,O,NA,NA,D,2,NA,11,NA,NA,NA,NA,20131118,587219.9433,9822349.287
FST_A01,T05,60,ABIURANA VERMELHA,Pouteria gongrijpii,Sapotaceae,0.799402922,36.2,0.102921717,1.248250544,O,C,2,A,NA,13.91,23.41,2,1.8,1.7,2.7,20131118,587239.8786,9822354.004
FST_A01,T05,61,CORAÇAO DE NEGRO,Swartzia corrugata,Fabaceae,1.0565,10,0.007853982,0.070655944,O,S,2,A,NA,6.27,13.14,2.1,3.2,2.5,3.1,20131118,587146.8613,9822241.225
FST_A01,T05,62,ENVIRA CANA,Xylopia cayennensis,Annonaceae,0.57,34,0.090792028,1.035059497,O,C,2,A,NA,27.99,30.86,3.8,2.6,3.6,4.2,20131118,587143.2251,9822241.063
FST_A01,T05,63,BURRA LEITEIRA,Sapium marmieri,Euphorbiaceae,0.41,37.9,0.112815378,0.949348877,O,S,2,A,NA,26.04,31.67,3.8,2.8,2.2,5.3,20131118,587139.6468,9822237.049
FST_A01,T05,64,ENVIRA CANA,Xylopia cayennensis,Annonaceae,0.57,14.9,0.017436625,0.152992057,O,S,2,A,NA,18.76,23.75,1.8,1.7,1.6,1.7,20131118,587141.0004,9822232.268
FST_A01,T05,65,BACABA,Oenocarpus bacaba,Arecaceae,NA,10.3,0.008332289,0.024420644,P,S,2,A,NA,6.6,12.8,2.8,2.6,2.4,2.7,20131118,587139.4112,9822233.468
FST_A01,T05,66,ENVIRA,Xylopia sp.,Annonaceae,0.570128696,21.3,0.035632729,0.290344535,O,S,2,A,NA,15.82,22.05,4.1,3.2,3.3,3.3,20131118,587135.7537,9822231.969
FST_A01,T05,67,TAXI VERMELHO,Tachigali alba,Fabaceae,0.560284357,11,0.009503318,0.064254545,O,S,2,A,NA,17.35,18.62,0.7,0.7,0.8,1.2,20131118,587131.5912,9822222.119
FST_A01,T05,68,UCUUBA VERMELHA,Virola elongata,Myristicaceae,0.52,25.3,0.050272551,0.397801601,O,S,2,A,NA,17.37,23.48,1.2,6.8,2.6,5.8,20131118,587129.5153,9822222.684
FST_A01,T05,69,ENVIRA,Xylopia sp.,Annonaceae,0.570128696,12.1,0.011499015,0.06532113,O,S,2,A,NA,9.45,15.37,1.2,3.4,3.1,3.5,20131118,587128.5189,9822220.892
FST_A01,T05,70,QUINARANA,Geissospermum sericeum,Apocynaceae,0.782,60,0.282743339,3.818115872,O,E,1,A,NA,19.28,26.65,1.4,5.3,1.8,6.2,20131118,587124.4144,9822217.501
FST_A01,T05,71,ARARACANGA,Aspidosperma spruceanum,Apocynaceae,0.753333333,12.4,0.012076282,0.031990802,O,S,1,A,NA,NA,5.43,0.9,2.2,1.3,1.2,20131118,587122.799,9822214.247
FST_A01,T05,72,MORTA,NA,NA,0.45,60.5,0.287475363,1.054699959,O,NA,NA,D,4,13.74,17.82,NA,NA,NA,NA,20131118,587123.4363,9822213.115
FST_A01,T05,73,JATEREU,Lecythis idatimon,Lecythidaceae,0.818,11.7,0.010751315,0.077915508,O,S,2,A,NA,11.15,13.67,4,2.1,3.4,1.3,20131118,587120.6005,9822209.906
FST_A01,T05,74,BACURI DA MATA,Garcinia madruno,Clusiaceae,0.73,12.4,0.012076282,0.087619603,O,S,2,A,NA,10.76,15.34,2.3,1.4,2.8,1.5,20131118,587118.2928,9822205.258
FST_A01,T05,75,MORTA,NA,NA,0.6,114,1.020703453,9.146714711,O,NA,NA,D,1,NA,37.36,NA,NA,NA,NA,20131118,587100.2097,9822219.964
FST_A01,T05,76,COCO PAU,Couepia robusta,Chrysobalanaceae,0.83,55.3,0.240181827,4.736395694,O,E,1,A,NA,22.91,36.66,5.2,6.2,5.2,4.8,20131118,587113.7029,9822216.292
FST_A01,T05,77,UXI,Endopleura uchi,Humiriaceae,0.771796039,54.7,0.234998199,3.826256598,O,E,1,A,NA,24.48,32.55,1,8,5.2,5.2,20131118,587112.6989,9822228.076
FST_A01,T05,78,CARAPANAUBA,Aspidosperma nitidum,Apocynaceae,0.763327689,71.7,0.403764556,6.347133455,O,E,1,A,NA,22.11,31.78,1.8,4.3,8.2,3.5,20131118,587111.7141,9822231.702
FST_A01,T05,79,MUIRACATIARA,Astronium gracile,Anacardiaceae,0.73,70.7,0.392580487,7.688587552,O,E,1,A,NA,27.37,41.4,9.2,6.3,6.5,7.7,20131118,587111.5886,9822233.175
FST_A01,T05,80,ABIURANA,Pouteria gongrijpii,Sapotaceae,0.799402922,36.8,0.106361761,1.616274768,O,C,2,A,NA,21.72,29.33,5.2,3.3,3.8,4.8,20131118,587110.2465,9822233.061
FST_A01,T05,81,UCUUBA DA TERRA FIRME,Virola sebifera,Myristicaceae,0.45,50.2,0.197923479,2.169916058,O,C,1,A,NA,25.22,37.59,4.6,4.7,4.2,5.3,20131118,587098.0615,9822225.346
FST_A01,T05,82,MASSARANDUBA,Manilkara huberi,Sapotaceae,0.93,69,0.373928066,8.49569425,O,E,1,A,NA,19.52,37.7,5.7,6,5.3,12.7,20131118,587089.0243,9822228.285
FST_A01,T05,83,CUPIUBA,Goupia glabra,Goupiaceae,0.7272025,47,0.173494454,2.10749576,O,S,2,A,NA,15.47,25.77,6.8,4,4.7,9,20131118,587095.5708,9822246.648
FST_A01,T05,84,GUAJARA,Pouteria sp.,Sapotaceae,0.781766198,51.8,0.210741177,3.17347196,O,C,2,A,NA,16.63,29.72,7.4,7.5,7.2,7.7,20131118,587100.0606,9822257.417
FST_A01,T05,85,ABIURANA VERMELHA,Pouteria gongrijpii,Sapotaceae,0.799402922,38.4,0.115811672,1.661513345,O,C,2,A,NA,14.69,27.69,6.5,2.2,1.4,6,20131118,587107.5048,9822257.31
FST_A01,T05,86,LOURO PRETO,Nectandra cuspidata,Lauraceae,0.56,45.9,0.16546847,2.15865278,O,C,2,A,NA,24.56,35.95,3,2.7,8.8,2,20131118,587113.356,9822260.034
FST_A01,T05,87,ABIURANA VERMELHA,Pouteria gongrijpii,Sapotaceae,0.799402922,40.5,0.128824934,2.184429328,O,C,2,A,NA,18.87,32.73,6.7,4.6,5.2,3.4,20131118,587108.6151,9822252.211
FST_A01,T05,88,UXI,Endopleura uchi,Humiriaceae,0.771796039,42.4,0.14119574,2.438011653,O,C,2,A,NA,29.14,34.52,5.3,4,6.2,4.3,20131118,587110.4592,9822246.433
FST_A01,T05,89,ENVIRA PRETA,Guatteria schomburgkiana,Annonaceae,0.6,39.6,0.123162998,2.04962055,O,E,1,A,NA,35.19,42.8,5,1,2,10.5,20131118,587110.3529,9822239.747
FST_A01,T05,90,ABIURANA VERMELHA,Pouteria gongrijpii,Sapotaceae,0.799402922,45.6,0.163312553,2.747652361,O,C,1,A,NA,19.63,32.47,6,4.7,4.5,8.2,20131118,587126.0622,9822253.697
FST_A01,T05,91,TIMBORANA,Pseudopiptadenia suaveolens,Fabaceae,0.679712857,41,0.132025431,1.29795208,O,E,1,A,NA,14.89,22.32,6.2,3.3,6.3,8.3,20131118,587129.1151,9822252.77
FST_A01,T05,92,CARAPANAUBA,Aspidosperma nitidum,Apocynaceae,0.763327689,65.4,0.335927361,6.890719421,O,E,1,A,NA,30.69,41.46,4,5.2,6,5.2,20131118,587127.2979,9822247.126
FST_A01,T05,93,QUINARANA,Geissospermum sericeum,Apocynaceae,0.782,57,0.255175863,3.048842713,O,E,1,A,NA,15.25,23.58,4,4,6.4,3.8,20131118,587124.382,9822241.684
FST_A01,T05,94,INGA VERMELHO,Inga alba,Fabaceae,0.586080352,38.4,0.115811672,1.255958607,O,C,2,A,NA,19.68,28.55,7,4.2,4.1,6,20131118,587118.8881,9822242.7
FST_A01,T05,95,ANGELIM PEDRA,Hymenolobium petraeum,Fabaceae,0.713,35.7,0.100098211,1.378001689,O,C,2,A,NA,16.59,29.79,5.5,7.4,7,5.1,20131118,587140.9697,9822245.323
FST_A01,T05,96,MARUPA,Simarouba amara,Simaroubaceae,0.378408363,49.7,0.194000415,1.979517573,O,C,2,A,NA,34.12,41.61,3.5,6.1,4.4,5.7,20131118,587131.237,9822232.623
FST_A01,T05,97,CARAMUXI,Pouteria hispida,Sapotaceae,0.87,30.8,0.074506011,0.960974927,O,C,2,A,NA,18.94,22.88,3.5,1.3,0,6,20131118,587043.4594,9822125.567
FST_A01,T05,98,BACABA,Oenocarpus bacaba,Arecaceae,NA,17.5,0.024052819,0.065349123,P,S,2,A,NA,11.54,15.88,1.4,3.5,2.8,3.7,20131118,587039.9809,9822122.029
FST_A01,T05,99,LOURO PRETO,Nectandra cuspidata,Lauraceae,0.56,13.3,0.013892908,0.095281469,O,S,2,A,NA,13.33,18.9,2,2.8,1.5,3.6,20131118,587038.7713,9822120.982
FST_A01,T05,100,LOURO PIMENTA,Ocotea canaliculata,Lauraceae,0.479426667,29.6,0.068813445,0.619238046,O,S,2,A,NA,18.28,28.96,4.5,5.7,5.3,2,20131118,587037.0283,9822117.369
FST_A01,T05,101,UCUUBA DA TERRA FIRME,Virola sebifera,Myristicaceae,0.45,49.8,0.194781886,2.010156201,O,C,2,A,NA,25.6,35.39,2.5,3.8,2.4,3.5,20131118,587033.0792,9822114.344
FST_A01,T05,102,LOURO PRETO,Nectandra cuspidata,Lauraceae,0.56,20.5,0.033006358,0.205454258,O,S,2,A,NA,13.52,17.15,2.8,2.3,2.5,3.4,20131118,587024.8967,9822107.653
FST_A01,T05,103,SAPUCAIA,Lecythis pisonis,Lecythidaceae,0.852360511,24.2,0.045996058,0.542028183,O,S,2,A,NA,14.67,21.33,4.7,2,2.6,3.8,20131118,587015.6804,9822102.826
FST_A01,T05,104,TENTO,Ormosia coccinea,Fabaceae,0.625,20.5,0.033006358,0.269119583,O,S,2,A,NA,17.2,20.13,3.3,3.4,2.6,4.5,20131118,587014.5527,9822095.673
FST_A01,T05,105,GUAJARA,Pouteria sp.,Sapotaceae,0.781766198,46,0.166190251,3.278657929,O,C,2,A,NA,25.06,38.94,4.5,3.3,4.3,2.3,20131118,587007.0263,9822096.121
FST_A01,T05,106,ABIURANA VERMELHA,Pouteria gongrijpii,Sapotaceae,0.799402922,37.6,0.111036451,1.689070224,O,C,2,A,NA,17.95,29.36,5,6,6,5.3,20131118,587000.5935,9822105.533
FST_A01,T05,107,MATAMATA BRANCO,Eschweilera coriacea,Lecythidaceae,0.852013744,44.8,0.157632553,2.553798572,O,C,2,A,NA,23.39,29.34,4.8,3.7,6.8,5,20131118,587004.0007,9822111.111
FST_A01,T05,108,ENVIRA PRETA,Guatteria schomburgkiana,Annonaceae,0.6,37.4,0.109858354,1.195853347,O,C,2,A,NA,20.02,27.99,3,4.7,6.2,2.8,20131118,587012.1247,9822116.832
FST_A01,T05,109,PAU JACARE,Laetia procera,Salicaceae,0.633026084,36.3,0.103491131,1.143100826,O,C,1,A,NA,16.97,26.92,5,3.6,6.5,2,20131118,587014.0199,9822121.102
FST_A01,T05,110,FREIJO BRANCO,Cordia scabrifolia,Boraginaceae,0.474,40.3,0.12755573,1.27867486,O,E,1,A,NA,26.83,32.63,3.7,3.2,2.8,3.7,20131118,587011.0069,9822123.749
FST_A01,T05,111,MORTA,NA,NA,0.6,35.7,0.100098211,0.200868199,O,NA,NA,D,1,NA,6,NA,NA,NA,NA,20131118,586997.5912,9822113.446
FST_A01,T05,112,MUIRATINGA,Maquira sclerophylla,Moraceae,0.53,48,0.180955737,1.689821665,O,E,1,A,NA,20.35,27.19,3.7,2.8,5,5.4,20131118,586993.6629,9822129.758
FST_A01,T05,113,JUTAI MIRIM,Hymenaea intermedia,Fabaceae,0.82,37.4,0.109858354,1.336182228,O,C,1,A,NA,19.44,22.89,7.3,3,4,4.5,20131118,586985.1771,9822131.609
FST_A01,T05,114,LOURO PRETO,Nectandra cuspidata,Lauraceae,0.56,39.9,0.125036173,1.431155198,O,C,2,A,NA,20.84,31.54,5.7,1.2,4,2.7,20131118,587010.6451,9822131.321
FST_A01,T05,115,ABIURANA VERMELHA,Pouteria gongrijpii,Sapotaceae,0.799402922,58.7,0.27062386,5.311855673,O,C,2,A,NA,28.04,37.89,3,6.8,4.9,5,20131118,587015.7775,9822150.222
FST_A01,T05,116,ABIURANA VERMELHA,Pouteria gongrijpii,Sapotaceae,0.799402922,46.2,0.167638526,3.165983932,O,C,2,A,NA,22.78,36.45,8,6.8,6,7,20131118,587018.0669,9822162.718
FST_A01,T05,117,JARANA,Lecythis lurida,Lecythidaceae,0.83,54,0.229022104,4.217349334,O,E,1,A,NA,24.18,34.23,6,4,5.4,4,20131118,587023.7097,9822154.462
FST_A01,T05,118,GUAJARA,Pouteria sp.,Sapotaceae,0.781766198,63.9,0.320694563,6.087380304,O,C,1,A,NA,24.98,37.47,8.3,5.7,7,6.8,20131118,587021.9845,9822141.14
FST_A01,T05,119,MELANCIEIRA,Alexa grandiflora,Fabaceae,0.64,67.2,0.354673244,4.954163444,O,C,1,A,NA,27.59,33.68,4,8,6,4.6,20131118,587033.6642,9822132.855
