area,transect,tree,common_name,scientific_name,family_name,type,WSD_10,DBH_10,canopy_10,light_10,dead_10,dclass_10,Hcom_09,Htot_10,RN_10,RS_10,RE_10,RW_10,date_10,WSD_11,DBH_11,canopy_11,light_11,dead_11,dclass_11,Hcom_11,Htot_11,RN_11,RS_11,RE_11,RW_11,date_11,UTM_Easting,UTM_Northing
TAP_A01,T05,3001,NA,NA,NA,O,0.64,40.3,C,2,A,NA,22.34,31.36,7,3.55,4.85,4.6,20100116-20100213,0.64,42.5,E,1,A,NA,24.34,32.59,7.3,5.15,5.45,5,20110704-20110711,727141.67,9664499.01
TAP_A01,T05,3002,NA,NA,NA,O,0.64,6.1,S,3,A,NA,3.15,7.66,3.5,0.6,1.9,2.3,20100116-20100213,0.64,6.3,S,3,A,NA,NA,6.81,4,1.2,2.3,2.55,20110704-20110711,727144.53,9664495.54
TAP_A01,T05,3003,NA,NA,NA,O,0.64,21.6,C,2,A,NA,14.89,19.04,2.1,1.15,1.55,1.95,20100116-20100213,0.64,21.7,C,2,A,NA,14.75,20.65,NA,NA,NA,NA,20110704-20110711,727144.92,9664496.03
TAP_A01,T05,3004,NA,NA,NA,O,0.64,9.9,S,2,A,NA,9.77,13.36,1.65,1.3,1.75,1.3,20100116-20100213,0.64,10.5,S,2,A,NA,6.57,12.33,2.25,2.25,2.3,2.2,20110704-20110711,727149.66,9664495.34
TAP_A01,T05,3005,NA,NA,NA,O,0.64,5.3,S,3,A,NA,4.89,8.21,2.05,1.15,1.4,1.6,20100116-20100213,0.64,6.3,S,2,A,NA,2.45,10.64,2.2,1.45,1.65,1.2,20110704-20110711,727152.81,9664495.31
TAP_A01,T05,3006,NA,NA,NA,O,0.64,49.4,E,1,A,NA,26.01,42.61,4.7,5.85,2.2,8.6,20100116-20100213,0.64,48.2,E,1,A,NA,22.94,31.92,6,7,2.1,6.8,20110704-20110711,727153.11,9664496.21
TAP_A01,T05,3007,NA,NA,NA,O,0.64,16.9,C,2,A,NA,15.27,18.23,1.45,1.55,1.75,1.5,20100116-20100213,0.64,18.2,C,2,A,NA,14.31,20.18,1.75,1.8,0.4,1.7,20110704-20110711,727159.42,9664495.61
TAP_A01,T05,3008,NA,NA,NA,O,0.64,5.5,S,2,A,NA,3.13,7.4,2.2,2.49,1.28,1.76,20100116-20100213,0.64,5.8,S,3,A,NA,0.29,7.6,1.95,1.8,1.3,2.05,20110704-20110711,727168.09,9664495.33
TAP_A01,T05,3009,NA,NA,NA,O,0.64,29,C,2,A,NA,16.3,22.24,6.15,1.75,6.9,3.5,20100116-20100213,0.64,29.2,C,2,A,NA,15.69,25.32,7.7,3.15,6.4,2.85,20110704-20110711,727173.71,9664495.33
TAP_A01,T05,3010,ANDIROBA,Carapa guianensis,Meliaceae,O,0.568911481,30.5,C,1,A,NA,15.66,22.3,2.08,5.14,6,1.7,20100116-20100213,0.568911481,31.7,E,1,A,NA,18.56,24.88,1.9,6,5.5,3.2,20110704-20110711,727186.53,9664496.32
TAP_A01,T05,3011,NA,NA,NA,O,0.64,9.6,C,2,A,NA,4.75,11.71,0.47,2.34,2.08,2.7,20100116-20100213,0.64,10.2,S,2,A,NA,5.79,10.84,1.2,2.5,2.25,3.15,20110704-20110711,727187.12,9664495.19
TAP_A01,T05,3012,NA,NA,NA,O,0.64,21,C,2,A,NA,14.31,20.4,2.75,2.18,5.62,5.83,20100116-20100213,0.6,19.9,S,3,D,1,1.96,12.54,NA,NA,NA,NA,20110704-20110711,727198.76,9664495.51
TAP_A01,T05,3013,NA,NA,NA,O,0.64,9.2,S,3,A,NA,4.44,12.23,2.1,1.57,1.3,2.35,20100116-20100213,0.64,9.5,S,2,A,NA,4.48,11.33,1.1,2.2,1.9,2.8,20110704-20110711,727220.45,9664495.42
TAP_A01,T05,3014,NA,NA,NA,O,0.64,5,S,3,A,NA,1.77,4.93,1.1,2.8,0.83,0.53,20100116-20100213,0.64,5.3,S,2,A,NA,2.02,4.63,1.4,0.7,1.75,0.7,20110704-20110711,727224.29,9664495.04
TAP_A01,T05,3015,NA,NA,NA,O,0.64,6.5,S,2,A,NA,4.53,6.36,0.74,1.75,2.65,0.34,20100116-20100213,0.64,6.8,S,2,A,NA,3.18,7,0.75,1.8,2.7,0.9,20110704-20110711,727227.45,9664495.21
TAP_A01,T05,3016,NA,NA,NA,O,0.64,8,C,2,A,NA,4.71,10.69,1.42,1.23,2.5,1.2,20100116-20100213,0.64,8.4,S,2,A,NA,4.88,7.7,1.45,2.75,2.4,1.6,20110704-20110711,727234.45,9664494.9
TAP_A01,T05,3017,CASTANHEIRA,Bertholletia excelsa,Lecythidaceae,O,0.64,98.5,E,1,A,NA,35.34,47.32,9.4,8.85,7.4,9.5,20100116-20100213,0.64,101.4,E,1,A,NA,28.98,49.43,8.6,11,6.05,9.1,20110704-20110711,727235.73,9664500.79
TAP_A01,T05,3018,NA,NA,NA,L,0.64,7.1,C,2,A,NA,NA,NA,NA,NA,NA,NA,20100116-20100213,0.64,7.5,NA,NA,A,NA,NA,NA,NA,NA,NA,NA,20110704-20110711,727237.9,9664495.07
TAP_A01,T05,3019,NA,NA,NA,O,0.64,13,C,2,A,NA,9.23,15.3,2.3,2.68,2.48,3.31,20100116-20100213,0.64,13.7,C,2,A,NA,8.76,11.64,3.2,4.55,3,3.4,20110704-20110711,727238.79,9664495.46
TAP_A01,T05,3020,NA,NA,NA,O,0.64,5.1,S,3,A,NA,NA,1.31,NA,NA,NA,NA,20100116-20100213,0.64,5.1,S,3,A,NA,NA,1.31,0.25,0.2,0.15,0.25,20110704-20110711,727240.96,9664494.64
TAP_A01,T05,3021,NA,NA,NA,O,0.64,5.4,S,3,A,NA,3.17,9.46,1.16,1.62,2,0.55,20100116-20100213,0.64,5.7,S,3,A,NA,3.04,7.62,1.7,1.9,2.2,0.85,20110704-20110711,727245,9664494.76
TAP_A01,T05,3022,NA,NA,NA,O,0.64,9.9,C,2,A,NA,7.5,12.21,1.75,3,3.65,0.95,20100116-20100213,0.64,11.1,C,2,A,NA,8.22,12.91,1.9,3.75,4.2,1.4,20110704-20110711,727246.38,9664494.99
TAP_A01,T05,3023,NA,NA,NA,O,0.58,5.6,S,NA,D,3,NA,4.1,NA,NA,NA,NA,20100116-20100213,0.58,5.6,NA,NA,D,3,NA,4.1,NA,NA,NA,NA,20110704-20110711,727271.72,9664494.67
TAP_A01,T05,3024,NA,NA,NA,O,0.64,14.2,C,2,A,NA,8.09,15.6,3.2,1.5,2.15,1.95,20100116-20100213,0.64,15,S,2,A,NA,10.67,15.4,3.45,2.55,2.05,2.85,20110704-20110711,727287.99,9664494.18
TAP_A01,T05,3025,NA,NA,NA,O,0.64,20.5,C,2,A,NA,13.03,17.4,3.34,-0.6,3.2,2.03,20100116-20100213,0.64,21.1,C,2,A,NA,10.08,14.26,4.2,1.95,3.45,2.75,20110704-20110711,727289.76,9664496.01
TAP_A01,T05,3026,NA,NA,NA,O,0.64,8.6,S,3,A,NA,9.37,12.4,2.14,1.76,2.75,1,20100116-20100213,0.64,8.7,C,2,A,NA,5.33,13.47,2.45,1.9,3.15,1.95,20110704-20110711,727293.02,9664494.04
TAP_A01,T05,3027,NA,NA,NA,O,0.64,8.9,S,2,A,NA,5.49,9.21,0.74,3.8,5.95,1.9,20100116-20100213,0.64,9.6,C,2,A,NA,5.48,7.9,1.65,4.35,5.4,3.3,20110704-20110711,727298.34,9664493.99
TAP_A01,T05,3028,NA,NA,NA,O,0.45,17.1,S,NA,D,4,NA,2,NA,NA,NA,NA,20100116-20100213,0.45,17.1,NA,NA,D,4,NA,2,NA,NA,NA,NA,20110704-20110711,727301.99,9664494.16
TAP_A01,T05,3029,MUMBACA,Astrocaryum gynacanthum,Arecaceae,P,0.508,5.7,S,3,A,NA,1.62,5.31,1.6,1.55,1.75,1.52,20100116-20100213,0.508,5,S,2,A,NA,2.37,5.7,2.05,1.5,1.9,1.5,20110704-20110711,727303.67,9664494.39
TAP_A01,T05,3030,INGA,Inga marginata,Fabaceae,O,0.45,34.5,S,NA,D,4,NA,7.5,NA,NA,NA,NA,20100116-20100213,0.45,34.5,NA,NA,D,4,NA,4.31,NA,NA,NA,NA,20110704-20110711,727312.64,9664497.26
TAP_A01,T05,3031,NA,NA,NA,O,0.64,13.9,C,2,A,NA,7.2,13.11,1.75,2.75,-0.05,3.45,20100116-20100213,0.64,14.3,C,2,A,NA,8.18,12.27,1.3,2.8,0.2,3.7,20110704-20110711,727322.6,9664494.73
TAP_A01,T05,3032,NA,NA,NA,O,0.64,9,S,3,A,NA,6.04,11.14,0.44,2.05,0.7,1.3,20100116-20100213,0.64,9.1,S,2,A,NA,5.19,8.53,0.6,3.2,1,2,20110704-20110711,727332.46,9664494.14
TAP_A01,T05,3033,CACAU,Theobroma glaucum,Malvaceae,O,0.529714286,10.3,C,2,A,NA,9.1,12.28,1.4,0.65,1.5,2,20100116-20100213,0.529714286,10.3,C,2,A,NA,10.67,12.62,1.25,0.45,1.5,0.2,20110704-20110711,727337.68,9664494.29
TAP_A01,T05,3034,NA,NA,NA,O,0.64,10.1,C,2,A,NA,9,11.14,2.65,0.65,1.35,1.7,20100116-20100213,0.64,10.2,C,2,A,NA,9.54,11.93,1.75,1,1.75,1.1,20110704-20110711,727337.88,9664494.29
TAP_A01,T05,3035,NA,NA,NA,O,0.64,8.5,C,2,A,NA,7.12,12.7,2.35,3.55,0.4,4.43,20100116-20100213,0.64,11.8,C,2,A,NA,0.82,1.51,-0.9,4.7,0.5,4.9,20110704-20110711,727356.22,9664494.03
TAP_A01,T05,3036,NA,NA,NA,O,0.64,8.7,S,2,A,NA,6.05,11.94,2.4,2.6,2.2,2.35,20100116-20100213,0.64,9.1,S,2,A,NA,3.29,10.91,2.9,2.65,3,2.3,20110704-20110711,727366.97,9664494.09
TAP_A01,T05,3037,NA,NA,NA,O,0.64,7.1,S,3,A,NA,1.77,8.81,5.5,1.33,1.65,2,20100116-20100213,0.64,7.3,S,3,A,NA,2.05,8.48,4.8,1.9,1.8,2.85,20110704-20110711,727379.98,9664493.52
TAP_A01,T05,3038,NA,NA,NA,O,0.64,20.8,C,2,A,NA,18.7,26.53,2.3,4.6,2.8,8.15,20100116-20100213,0.64,21.1,C,2,A,NA,16.25,22.92,2,3.35,3.5,4.85,20110704-20110711,727380.47,9664494.92
TAP_A01,T05,3039,UCUUBA DA TERRA FIRME,Virola sebifera,Myristicaceae,O,0.45,19.6,C,2,A,NA,14,16.75,0.6,1.35,1.35,0.9,20100116-20100213,0.45,19.7,C,2,A,NA,15.49,21.04,1.1,1.85,1.8,1,20110704-20110711,727384.81,9664493.78
TAP_A01,T05,3040,NA,NA,NA,O,0.64,15.5,C,2,A,NA,13.05,19.45,3.15,3.5,2.35,5.3,20100116-20100213,0.64,15.9,C,2,A,NA,7.81,17.19,2.5,4.35,3.2,5.1,20110704-20110711,727391.32,9664494.17
TAP_A01,T05,3041,NA,NA,NA,O,0.58,111.2,E,NA,D,3,NA,32.93,NA,NA,NA,NA,20100116-20100213,0.58,111.2,NA,NA,D,3,NA,30.42,NA,NA,NA,NA,20110704-20110711,727385.11,9664499.58
TAP_A01,T05,3042,NA,NA,NA,O,0.64,16.9,C,2,A,NA,20.01,23.68,3,-0.8,1.15,1.2,20100116-20100213,0.64,17,C,2,A,NA,14.3,19.34,0.65,0.6,0.5,0.3,20110704-20110711,727394.48,9664493.45
TAP_A01,T05,3043,NA,NA,NA,O,0.64,36.3,C,2,A,NA,27.97,33.78,6,6.35,2.45,5.8,20100116-20100213,0.64,38.1,C,2,A,NA,24.81,35.34,5,6.7,4,6.9,20110704-20110711,727399.9,9664496.65
TAP_A01,T05,3044,NA,NA,NA,O,0.64,6.7,S,2,A,NA,5.12,10.27,0.4,3.25,3.7,0.2,20100116-20100213,0.64,6.8,S,2,A,NA,10.57,19.22,-0.35,4,4.1,-0.5,20110704-20110711,727400.1,9664493.35
TAP_A01,T05,3045,NA,NA,NA,O,0.64,15.2,C,2,A,NA,12.88,18.02,2.7,2.5,2.25,1.55,20100116-20100213,0.64,15.7,C,2,A,NA,9.69,18.12,2.7,2.9,2.1,1.8,20110704-20110711,727401.67,9664494.13
TAP_A01,T05,3046,INGA,Inga marginata,Fabaceae,O,0.573055556,48.9,C,1,A,NA,25.48,32.65,3.6,4.75,2.25,5.25,20100116-20100213,0.7,48.8,NA,NA,D,2,2.68,22.12,NA,NA,NA,NA,20110704-20110711,727411.24,9664493.25
TAP_A01,T05,3047,PARAPARA,Jacaranda copaia,Bignoniaceae,O,0.353578132,49.5,E,1,A,NA,25.23,34.8,4.2,4.45,2.45,3.7,20100116-20100213,0.353578132,50.4,E,1,A,NA,27.12,35.93,7.15,3,4.7,5.3,20110704-20110711,727415.97,9664495.31
TAP_A01,T05,3048,NA,NA,NA,O,0.64,33.1,C,2,A,NA,19.59,29.69,1.35,4.85,7.8,3.3,20100116-20100213,0.64,33.7,C,2,A,NA,19.66,29.97,2,6.1,7,3.4,20110704-20110711,727418.14,9664493.94
TAP_A01,T05,3049,NA,NA,NA,O,0.64,9.2,S,3,A,NA,5.12,10.86,3.2,1.55,2.5,2.25,20100116-20100213,0.64,9.3,S,2,A,NA,7.11,9.87,2.45,1.7,2.7,2.5,20110704-20110711,727420.21,9664493.12
TAP_A01,T05,3050,NA,NA,NA,O,0.64,22.7,C,2,A,NA,18.69,23.81,1.55,1.55,3.25,1.15,20100116-20100213,0.64,23.4,C,2,A,NA,14.35,23.36,1.2,0.3,3.3,0.9,20110704-20110711,727420.8,9664493.49
TAP_A01,T05,3051,NA,NA,NA,O,0.64,11.1,S,2,A,NA,5.39,14.51,1.6,2.4,2,2,20100116-20100213,0.64,11.6,S,2,A,NA,7.4,12.98,1.55,2.4,1.8,1.55,20110704-20110711,727434.11,9664492.85
TAP_A01,T05,3052,NA,NA,NA,L,0.64,5.5,C,2,A,NA,NA,NA,NA,NA,NA,NA,20100116-20100213,0.64,5.7,NA,NA,A,NA,NA,NA,NA,NA,NA,NA,20110704-20110711,727446.63,9664493.19
TAP_A01,T05,3053,NA,NA,NA,O,0.64,16.7,C,2,A,NA,5.89,10.46,6,-0.1,1.8,2.9,20100116-20100213,0.64,16.7,C,2,A,NA,8.32,12.32,6,1.05,3.75,0.25,20110704-20110711,727447.42,9664493.73
TAP_A01,T05,3054,NA,NA,NA,O,0.64,13,C,2,A,NA,7.57,12.83,1,1.65,1.45,1.95,20100116-20100213,0.64,13.6,C,2,A,NA,9.24,14.46,1.35,1.4,1.8,1.9,20110704-20110711,727455.61,9664493.86
TAP_A01,T05,3055,NA,NA,NA,O,0.64,13.7,C,2,A,NA,7.98,10.43,5,0.6,1.5,1,20100116-20100213,0.64,13.9,C,2,A,NA,7.64,11.86,3.25,1.5,1.3,2,20110704-20110711,727457.18,9664493.35
TAP_A01,T05,3056,NA,NA,NA,O,0.64,13.8,C,2,A,NA,6.93,9.73,1.6,0.7,2.2,0.6,20100116-20100213,0.64,14.2,C,2,A,NA,7.48,12.05,2.5,1.5,4.5,0.85,20110704-20110711,727458.17,9664493.24
TAP_A01,T05,3057,NA,NA,NA,O,0.64,9.6,S,2,A,NA,6.23,8.7,4.05,1.65,3.25,1.65,20100116-20100213,0.64,10.4,S,2,A,NA,6.06,8.68,5.1,1.1,3.7,1.05,20110704-20110711,727458.86,9664492.83
TAP_A01,T05,3058,NA,NA,NA,O,0.64,6.4,S,2,A,NA,1.75,4.26,1.25,0.35,1.05,1.6,20100116-20100213,0.64,6.5,S,3,A,NA,1.69,4.56,1,0.9,1.3,1.5,20110704-20110711,727461.42,9664492.91
TAP_A01,T05,3059,NA,NA,NA,O,0.64,5.8,C,2,A,NA,6.09,9.3,2.25,-0.75,0.85,1.15,20100116-20100213,0.64,6.2,C,2,A,NA,5.46,8.58,1.7,0.4,2.25,0.15,20110704-20110711,727463.1,9664492.69
TAP_A01,T05,3060,IPE,NA,NA,O,0.64,115.8,E,1,A,NA,31.73,41.87,10.55,13.3,9.25,6.05,20100116-20100213,0.64,115.8,E,1,A,NA,21.17,37,4.4,12.3,12.3,1.75,20110704-20110711,727476.61,9664495.88
TAP_A01,T05,3061,NA,NA,NA,O,0.64,13.8,C,2,A,NA,11.56,14.96,2.9,3,2.3,3.55,20100116-20100213,0.64,14.4,C,2,A,NA,9.43,17.42,3.15,3,2.4,3.4,20110704-20110711,727484.2,9664493.66
TAP_A01,T05,3062,NA,NA,NA,O,0.64,23.4,C,2,A,NA,15.3,19.09,6.3,-1.4,3.3,6.1,20100116-20100213,0.64,24.1,C,2,A,NA,12.01,16.36,7.3,2.9,2.3,5,20110704-20110711,727487.16,9664494.18
TAP_A01,T05,3063,NA,NA,NA,O,0.64,14.1,C,2,A,NA,13.64,21.45,2.95,0.8,3.1,0.7,20100116-20100213,0.64,14.3,C,2,A,NA,10.84,16.47,2.7,0.85,3.3,0.95,20110704-20110711,727487.95,9664492.98
TAP_A01,T05,3064,NA,NA,NA,O,0.64,16.4,S,3,A,NA,9.55,14.71,2.15,2.85,2.9,3,20100116-20100213,0.64,16.5,C,2,A,NA,6.85,15.19,2,2.65,2.9,2.65,20110704-20110711,727490.9,9664493
TAP_A01,T05,3065,NA,NA,NA,O,0.64,34.5,C,2,A,NA,19.1,26.32,3.5,5.5,6,5.8,20100116-20100213,0.64,35.5,C,2,A,NA,15.25,26.75,3.4,6.6,6,4.05,20110704-20110711,727491.99,9664494.84
TAP_A01,T05,3066,NA,NA,NA,O,0.64,6.7,S,3,A,NA,5.17,9.03,1.25,1.9,3.25,0.8,20100116-20100213,0.64,6.8,S,3,A,NA,5.24,9.79,1,1.5,2.3,1.2,20110704-20110711,727491.99,9664492.49
TAP_A01,T05,3067,NA,NA,NA,O,0.64,18.3,C,2,A,NA,15.97,20.56,2.1,3.2,0.9,2.85,20100116-20100213,0.64,19,C,2,A,NA,15.06,26.02,1.2,3.2,1.15,1.6,20110704-20110711,727496.82,9664494
TAP_A01,T05,3068,NA,NA,NA,O,0.64,26.5,C,2,A,NA,13.51,17.43,7.3,1.65,3.05,2.6,20100116-20100213,0.64,27.6,C,2,A,NA,11.68,18.98,3.55,1.7,2.9,1.5,20110704-20110711,727500.86,9664492.56
TAP_A01,T05,3069,NA,NA,NA,O,0.64,5.3,S,3,A,NA,3.23,4.75,0.75,0.35,0.2,0.65,20100116-20100213,0.64,5.4,S,2,A,NA,2.93,4.74,0.35,0.3,0.35,0.3,20110704-20110711,727502.93,9664492.65
TAP_A01,T05,3070,NA,NA,NA,O,0.64,7,S,3,A,NA,5.49,8,-0.45,5.1,1.3,1,20100116-20100213,0.64,7.1,S,2,A,NA,4.27,4.64,0.6,0.7,0.7,0.25,20110704-20110711,727508.75,9664492.29
TAP_A01,T05,3071,NA,NA,NA,O,0.45,14.8,S,NA,D,4,NA,2.89,NA,NA,NA,NA,20100116-20100213,0.45,14.8,NA,NA,D,4,NA,2.89,NA,NA,NA,NA,20110704-20110711,727511.81,9664493.32
TAP_A01,T05,3072,NA,NA,NA,O,0.64,8.3,S,2,A,NA,4.13,6.79,3.74,1.1,2.9,0,20100116-20100213,0.64,8.8,C,2,A,NA,2.24,6.22,3.5,1.45,2.4,1.4,20110704-20110711,727514.86,9664492.09
TAP_A01,T05,3073,NA,NA,NA,O,0.64,7.1,C,2,A,NA,3.4,7.5,6.7,0.2,1.7,0.2,20100116-20100213,0.64,7.9,C,2,A,NA,3.74,5.7,2.55,1.8,2.8,1.5,20110704-20110711,727524.92,9664492.15
TAP_A01,T05,3074,NA,NA,NA,O,0.64,10.8,C,2,A,NA,3.05,8.17,3.65,1.05,1.3,1.95,20100116-20100213,0.64,11.1,S,2,A,NA,4.86,9.39,2.8,1.6,1.75,1.5,20110704-20110711,727527.09,9664492.78
TAP_A01,T05,3075,NA,NA,NA,O,0.64,7.3,C,2,A,NA,3.31,6.56,1.05,0.55,0.3,0.9,20100116-20100213,0.64,7.6,C,2,A,NA,4.6,7.07,0.95,0.9,0.5,0.6,20110704-20110711,727530.24,9664492.21
TAP_A01,T05,3076,NA,NA,NA,O,0.64,11.3,C,2,A,NA,7.44,14.71,3,0.75,0.75,2.45,20100116-20100213,0.64,11.8,C,2,A,NA,8.09,11.99,-1,3.1,-0.45,2.85,20110704-20110711,727533.79,9664492.08
TAP_A01,T05,3077,NA,NA,NA,O,0.64,8.3,C,2,A,NA,4.65,9.4,5.5,0.35,2.15,1,20100116-20100213,0.64,10.6,C,2,A,NA,5.15,11.34,5,0.85,2.8,0.8,20110704-20110711,727537.25,9664491.9
TAP_A01,T05,3078,NA,NA,NA,O,0.64,5.6,C,2,A,NA,3.24,8.12,2.15,2.05,1.9,0.95,20100116-20100213,0.64,6.7,S,2,A,NA,1.61,8.94,2.3,1.9,1.1,1.75,20110704-20110711,727546.51,9664492.01
TAP_A01,T05,3079,NA,NA,NA,O,0.64,6.8,S,2,A,NA,4.64,7.45,1,1.8,2.25,0.75,20100116-20100213,0.64,7,S,2,A,NA,3.64,9.41,1.15,2.2,2.2,0.9,20110704-20110711,727547.4,9664492.21
TAP_A01,T05,3080,NA,NA,NA,O,0.64,10,C,2,A,NA,8.91,12.64,5.05,-0.8,2,0.8,20100116-20100213,0.64,10.7,C,2,A,NA,7.83,11.24,3.6,-0.9,2.9,0.7,20110704-20110711,727555.09,9664492.54
TAP_A01,T05,3081,NA,NA,NA,O,0.64,22.6,C,2,A,NA,10.73,13.31,11.25,-6.35,4.85,6.65,20100116-20100213,0.64,23.7,S,2,A,NA,4.22,5.73,11.9,-6.2,4.2,5,20110704-20110711,727555.88,9664491.78
TAP_A01,T05,3082,NA,NA,NA,O,0.64,15.4,C,1,A,NA,9.44,11.99,3.95,-0.2,1.95,2.7,20100116-20100213,0.64,17,C,2,A,NA,8.26,16.54,3.4,0.3,3.9,2.3,20110704-20110711,727560.51,9664492.04
TAP_A01,T05,3083,LOURO,Ocotea sp.,Lauraceae,O,0.500567938,32,E,1,A,NA,16.57,22.12,6.35,3.65,0.4,9.1,20100116-20100213,0.500567938,34.9,E,1,A,NA,14.14,17.26,7.5,2.45,1.85,8.8,20110704-20110711,727564.36,9664494.66
TAP_A01,T05,3084,NA,NA,NA,O,0.58,9.4,S,NA,D,3,NA,1.53,NA,NA,NA,NA,20100116-20100213,0.58,9.4,NA,NA,D,3,NA,1.53,NA,NA,NA,NA,20110704-20110711,727572.54,9664492.14
TAP_A01,T05,3085,NA,NA,NA,O,0.64,6,S,3,A,NA,NA,1.65,NA,NA,NA,NA,20100116-20100213,0.64,6,S,3,A,NA,NA,1.65,0.65,0.65,0.7,0.65,20110704-20110711,727577.67,9664491.59
TAP_A01,T05,3086,NA,NA,NA,O,0.64,6.3,S,3,A,NA,7.89,10.91,0.1,1.8,-0.55,3.9,20100116-20100213,0.64,6.3,C,2,A,NA,7.62,9.09,0.7,1,0.9,2.15,20110704-20110711,727581.32,9664491.91
TAP_A01,T05,3087,NA,NA,NA,O,0.64,14.5,S,3,A,NA,4.53,6.38,3.65,-0.1,10.85,-0.4,20100116-20100213,0.64,14.7,C,2,A,NA,1.78,6.44,4,1.3,1.3,7.3,20110704-20110711,727595.81,9664492.43
TAP_A01,T05,3088,NA,NA,NA,O,0.64,8,S,3,A,NA,4.61,13.49,2.2,2.1,1.15,2.5,20100116-20100213,0.64,8.3,C,2,A,NA,5.35,10.7,2.2,2.2,1.5,2.4,20110704-20110711,727599.17,9664492.1
TAP_A01,T05,3089,ANDIROBA,Carapa guianensis,Meliaceae,O,0.568911481,27.6,C,1,A,NA,19.56,26.12,4.3,2.85,2.9,2.35,20100116-20100213,0.568911481,28.4,E,1,A,NA,14.02,21.4,4.7,3.5,5.4,4.2,20110704-20110711,727600.35,9664491.89
TAP_A01,T05,3090,TAXI BRANCO,Tachigali paniculata,Fabaceae,O,0.56,55.2,E,1,A,NA,27.09,34.9,7.65,2.85,10.55,1.6,20100116-20100213,0.56,58,E,1,A,NA,26.4,38.01,8.05,3.85,11,4.7,20110704-20110711,727611.69,9664491.69
TAP_A01,T05,3091,NA,NA,NA,O,0.64,5.1,S,2,A,NA,5.27,8.35,1.85,1.1,2.6,1.6,20100116-20100213,0.64,5.4,S,2,A,NA,4.47,8.51,1.65,1.8,3.3,1.95,20110704-20110711,727619.67,9664491.07
TAP_A01,T05,3092,NA,NA,NA,O,0.64,10.2,S,2,A,NA,6.14,8.34,1.5,1.2,2.3,0.85,20100116-20100213,0.64,10.3,S,2,A,NA,6.09,9.21,1.85,1.5,2.1,1.05,20110704-20110711,727611.59,9664490.79
TAP_A01,T05,3093,PIRIMA,Syagrus cocoides,Arecaceae,P,0.64,5.3,S,3,A,NA,4.67,6.78,1.7,1.25,1.6,1.45,20100116-20100213,0.64,5.3,S,3,A,NA,4.54,6.66,1.8,1.7,1.65,1.7,20110704-20110711,727607.74,9664491.08
TAP_A01,T05,3094,NA,NA,NA,O,0.64,8.1,S,3,A,NA,5.14,13.69,1.5,3.75,2.3,1.05,20100116-20100213,0.64,8.1,C,2,A,NA,5.77,9.31,1.1,2.3,0.8,7,20110704-20110711,727606.17,9664491.09
TAP_A01,T05,3095,NA,NA,NA,O,0.64,13.1,C,2,A,NA,9.78,16.59,3.85,2.65,3.15,2.1,20100116-20100213,0.64,13.8,C,2,A,NA,7.45,14.33,4,2.7,3.7,2.45,20110704-20110711,727605.57,9664491
TAP_A01,T05,3096,NA,NA,NA,O,0.58,67.4,C,NA,D,3,NA,11.87,NA,NA,NA,NA,20100116-20100213,0.58,67.4,NA,NA,D,3,NA,8.93,NA,NA,NA,NA,20110704-20110711,727587.04,9664484.91
TAP_A01,T05,3097,CARAPANAUBA,Aspidosperma nitidum,Apocynaceae,O,0.763327689,26.5,C,2,A,NA,13.1,15.35,1.75,1.5,1.5,1.75,20100116-20100213,0.6,26.5,NA,NA,D,1,1.2,14.08,NA,NA,NA,NA,20110704-20110711,727583.39,9664490.99
TAP_A01,T05,3098,NA,NA,NA,O,0.64,20.7,C,2,A,NA,15.59,20.83,1.1,2.8,1.6,1.1,20100116-20100213,0.64,21.4,C,2,A,NA,14.97,19.74,2,3.05,3,1.75,20110704-20110711,727575.7,9664490.26
TAP_A01,T05,3099,NA,NA,NA,O,0.64,9.3,C,1,A,NA,6.54,12.73,2.65,1.3,1.95,2.13,20100116-20100213,0.64,9.8,C,2,A,NA,6.94,12.19,2,1.55,2.3,1.9,20110704-20110711,727567.32,9664490.73
TAP_A01,T05,3100,NA,NA,NA,O,0.64,33.3,C,2,A,NA,17.46,26.09,3.65,1.15,0.7,2.9,20100116-20100213,0.6,33.1,C,NA,D,1,10.9,16.32,NA,NA,NA,NA,20110704-20110711,727555.29,9664489.39
TAP_A01,T05,3101,NA,NA,NA,O,0.64,6.7,C,2,A,NA,2.67,9.38,0.8,1.25,2.25,0.85,20100116-20100213,0.64,7.2,S,2,A,NA,5.25,7.67,0.6,2.5,2,1.15,20110704-20110711,727543.16,9664491.49
TAP_A01,T05,3102,NA,NA,NA,O,0.45,13.2,C,NA,D,4,NA,6.92,NA,NA,NA,NA,20100116-20100213,0.45,NA,NA,NA,D,4,NA,NA,NA,NA,NA,NA,20110704-20110711,727541.58,9664490.81
TAP_A01,T05,3103,NA,NA,NA,O,0.64,7.8,S,3,A,NA,2.62,6.39,1.45,0.6,1.1,0.8,20100116-20100213,0.64,8.8,S,2,A,NA,3.1,3.51,2.65,0.35,1.1,0.75,20110704-20110711,727535.27,9664491.56
TAP_A01,T05,3104,NA,NA,NA,O,0.64,21.3,C,2,A,NA,4.07,7.02,7.95,-1.4,0.45,2.1,20100116-20100213,0.64,23.1,S,2,A,NA,2.24,4.75,10.6,-1.15,2,5,20110704-20110711,727530.15,9664490.81
TAP_A01,T05,3105,NA,NA,NA,O,0.28,10.5,C,NA,D,5,NA,4.12,NA,NA,NA,NA,20100116-20100213,0.28,10.5,NA,NA,D,5,NA,4.12,NA,NA,NA,NA,20110704-20110711,727525.02,9664491.3
TAP_A01,T05,3106,NA,NA,NA,O,0.64,10,C,2,A,NA,3.5,6.62,7.6,-1.1,1.2,0.45,20100116-20100213,0.64,10.1,S,2,A,NA,1.87,2.68,7,0.9,2.7,0.5,20110704-20110711,727524.03,9664491.71
TAP_A01,T05,3107,EMBAUBA BRANCA,Cecropia palmata,Urticaceae,O,0.345907708,37.8,E,1,A,NA,16.24,24.54,2.3,4.85,10,0.25,20100116-20100213,0.345907708,39.8,C,2,A,NA,19.63,24.55,0.1,4.95,9.5,-1.9,20110704-20110711,727522.75,9664488.67
TAP_A01,T05,3108,NA,NA,NA,O,0.64,6.8,C,2,A,NA,2.6,7.28,5.8,-1.35,-0.7,3.1,20100116-20100213,0.64,7.5,S,2,A,NA,1.93,2.16,6,-0.3,0.5,5.35,20110704-20110711,727522.26,9664491.78
TAP_A01,T05,3109,NA,NA,NA,O,0.64,7,S,3,A,NA,2.38,5.19,10.6,-4.3,2.55,0.7,20100116-20100213,0.64,7.6,S,2,A,NA,16.8,18.43,11,-2.1,2.1,1,20110704-20110711,727520.29,9664491.59
TAP_A01,T05,3110,NA,NA,NA,O,0.64,53.5,C,2,A,NA,16.78,26.03,5.45,0.9,4.25,1.3,20100116-20100213,0.7,53.5,NA,NA,D,2,1.43,8.06,NA,NA,NA,NA,20110704-20110711,727505.79,9664491.42
TAP_A01,T05,3111,NA,NA,NA,O,0.64,16,C,2,A,NA,13.43,14.71,0.9,1.55,1.55,0.45,20100116-20100213,0.64,16.5,C,2,A,NA,NA,NA,1,2.05,1.1,1.25,20110704-20110711,727504.31,9664490.83
TAP_A01,T05,3112,NA,NA,NA,O,0.64,16.7,S,3,A,NA,9.38,13.98,1.8,0.9,1.85,1.45,20100116-20100213,0.64,17,C,3,A,NA,9.15,13.34,1.9,1.5,2.95,1.2,20110704-20110711,727498.69,9664492.08
TAP_A01,T05,3113,AMARELAO,Apuleia leiocarpa,Fabaceae,O,0.77,115.5,E,1,A,NA,27.45,51.41,21.7,3.45,8.3,8.8,20100116-20100213,0.77,112.7,E,1,A,NA,35.05,47.36,22,5.9,6.1,8.25,20110704-20110711,727497.9,9664492.09
TAP_A01,T05,3114,NA,NA,NA,O,0.64,24.2,E,1,A,NA,13.9,22.45,1.35,4.9,3.9,4.85,20100116-20100213,0.64,25.4,C,2,A,NA,18.53,21.6,2,4.6,5,1.9,20110704-20110711,727494.16,9664491.02
TAP_A01,T05,3115,NA,NA,NA,O,0.64,5.9,S,3,A,NA,3.6,7.49,0.5,0.75,1.15,1,20100116-20100213,0.64,6,S,3,A,NA,1.33,6.79,0.8,0.4,1.35,0.3,20110704-20110711,727493.17,9664491.53
TAP_A01,T05,3116,NA,NA,NA,O,0.64,16.8,C,2,A,NA,12.47,17.54,1.75,1.95,1.6,4.6,20100116-20100213,0.64,17.1,C,2,A,NA,14.25,17.11,1.6,2,1.8,3.1,20110704-20110711,727491.4,9664491.3
TAP_A01,T05,3117,NA,NA,NA,O,0.64,35.6,C,2,A,NA,19.64,25.64,4.9,6.65,4.1,5,20100116-20100213,0.64,35.7,C,2,A,NA,16.97,20.38,6.7,8.5,4,3.7,20110704-20110711,727487.16,9664490.23
TAP_A01,T05,3118,NA,NA,NA,O,0.64,11.7,C,2,A,NA,4.28,10.49,1.2,4.9,1.25,1.85,20100116-20100213,0.64,12,C,2,A,NA,0.46,12.87,5.6,1.1,1,1.25,20110704-20110711,727477.2,9664491.77
TAP_A01,T05,3119,NA,NA,NA,O,0.64,5.4,S,3,A,NA,1.76,9.53,1.75,0.9,1.9,0.6,20100116-20100213,0.64,5.6,S,3,A,NA,5.45,8.86,2.05,0.95,1.05,1.75,20110704-20110711,727471.58,9664492.37
TAP_A01,T05,3120,NA,NA,NA,O,0.64,10.2,C,2,A,NA,6.49,9.96,0.65,1.85,0.5,2.35,20100116-20100213,0.64,10.7,C,2,A,NA,11.21,14.5,1.2,0.95,0.5,3,20110704-20110711,727471.48,9664491.52
TAP_A01,T05,3121,NA,NA,NA,O,0.64,30.4,E,1,A,NA,11.97,25.64,5.25,4.85,7.85,4.4,20100116-20100213,0.64,31.4,C,2,A,NA,4.28,25.4,4.9,6.55,7.85,4.25,20110704-20110711,727462.41,9664491.3
TAP_A01,T05,3122,NA,NA,NA,O,0.64,37.9,C,2,A,NA,14.81,24.75,4.1,5.2,1.35,9.95,20100116-20100213,0.64,39.6,C,2,A,NA,17.22,25.99,4.35,5.4,0.9,6.75,20110704-20110711,727457.18,9664488.85
TAP_A01,T05,3123,NA,NA,NA,O,0.64,11,S,3,A,NA,6.18,13.37,0.75,0.85,0.65,2.85,20100116-20100213,0.64,11.2,C,2,A,NA,7.01,12.19,0.9,0.55,0.5,4.25,20110704-20110711,727455.61,9664492.41
TAP_A01,T05,3124,NA,NA,NA,O,0.58,9.9,S,NA,D,3,NA,2.11,NA,NA,NA,NA,20100116-20100213,0.58,9.9,NA,NA,D,3,NA,2.11,NA,NA,NA,NA,20110704-20110711,727447.72,9664492.53
TAP_A01,T05,3125,NA,NA,NA,O,0.64,14.2,C,2,A,NA,9.43,14.73,2.2,2.15,-1.4,5.15,20100116-20100213,0.64,14.3,C,2,A,NA,10.58,12.25,3.15,3.4,-2,5.5,20110704-20110711,727451.07,9664491.96
TAP_A01,T05,3126,NA,NA,NA,O,0.58,24.3,C,2,D,3,NA,9.75,NA,NA,NA,NA,20100116-20100213,0.58,NA,NA,NA,D,3,NA,NA,NA,NA,NA,NA,20110704-20110711,727438.84,9664490.31
TAP_A01,T05,3127,NA,NA,NA,L,0.64,5.3,C,2,A,NA,NA,NA,NA,NA,NA,NA,20100116-20100213,0.64,6.8,NA,NA,A,NA,NA,NA,NA,NA,NA,NA,20110704-20110711,727436.58,9664492.33
TAP_A01,T05,3128,NA,NA,NA,O,0.64,16.8,C,2,A,NA,13.63,15.54,0.55,1.65,0.45,1.23,20100116-20100213,0.64,16.9,C,2,A,NA,14.02,15.87,1.5,1.3,1,1.2,20110704-20110711,727431.15,9664491.47
TAP_A01,T05,3129,NA,NA,NA,O,0.64,15.8,C,2,A,NA,10.73,15.77,2.45,3.25,3.2,2.55,20100116-20100213,0.64,16.5,C,2,A,NA,10.76,15.43,2.75,3.2,3.4,2.7,20110704-20110711,727425.44,9664491.33
TAP_A01,T05,3130,NA,NA,NA,O,0.64,28.2,C,2,A,NA,11.92,16.1,4.8,5.35,4.35,2.1,20100116-20100213,0.64,28.5,C,2,A,NA,9.41,14.73,1.9,6.4,4.05,2.2,20110704-20110711,727415.97,9664492.16
TAP_A01,T05,3131,NA,NA,NA,O,0.64,23.5,C,2,A,NA,20.15,23.11,1.75,1.25,1.85,0.65,20100116-20100213,0.64,23.7,C,2,A,NA,21.96,26,2.15,1.5,2,1.55,20110704-20110711,727402.17,9664492.83
TAP_A01,T05,3132,NA,NA,NA,O,0.64,32.2,C,2,A,NA,25.91,32.83,9.1,-3.7,3.25,2.95,20100116-20100213,0.64,34.3,C,2,A,NA,18.77,25.22,12,7.75,5.4,1.05,20110704-20110711,727398.62,9664491.11
TAP_A01,T05,3133,NA,NA,NA,O,0.64,37.3,C,2,A,NA,22.5,29.64,9.15,6.2,5.3,10.3,20100116-20100213,0.64,38.8,C,2,A,NA,22.61,26.53,7.3,6.15,5.8,8.6,20110704-20110711,727391.42,9664491.42
TAP_A01,T05,3134,NA,NA,NA,O,0.64,9.7,S,3,A,NA,5.9,12.29,2.95,2.15,2,1.65,20100116-20100213,0.64,9.8,S,3,A,NA,8.82,13.44,2.85,2.8,2.2,1.75,20110704-20110711,727389.15,9664492.96
TAP_A01,T05,3135,NA,NA,NA,O,0.45,8.1,S,NA,D,4,1.75,4.08,1.5,0.45,0.45,1.1,20100116-20100213,0.45,NA,NA,NA,D,4,NA,NA,NA,NA,NA,NA,20110704-20110711,727381.26,9664493.16
TAP_A01,T05,3136,IPE,NA,NA,O,0.64,124.6,E,1,A,NA,45.75,56.65,13.2,10.3,15.1,3.8,20100116-20100213,0.64,126.5,E,1,A,NA,31.28,41.75,12.3,11.3,13.15,4.6,20110704-20110711,727379.78,9664491.33
TAP_A01,T05,3137,NA,NA,NA,O,0.64,5.8,S,3,A,NA,5.14,8.12,0.45,2.3,0.45,1.6,20100116-20100213,0.6,5.8,NA,NA,D,1,NA,7.77,NA,NA,NA,NA,20110704-20110711,727376.73,9664493.2
TAP_A01,T05,3138,NA,NA,NA,O,0.58,6.2,S,NA,D,3,NA,2.89,NA,NA,NA,NA,20100116-20100213,0.58,6.2,NA,NA,D,3,NA,2.57,NA,NA,NA,NA,20110704-20110711,727369.63,9664492.76
TAP_A01,T05,3139,NA,NA,NA,O,0.64,9.9,S,3,A,NA,2.63,4.74,0.85,1.85,1.7,0.7,20100116-20100213,0.64,9.9,S,2,A,NA,3.5,4.08,0.7,1.5,2,0.65,20110704-20110711,727343.89,9664492.64
TAP_A01,T05,3140,NA,NA,NA,O,0.64,7.9,C,2,A,NA,7.65,6.15,4.3,0.9,1.65,0.85,20100116-20100213,0.64,8.5,S,2,A,NA,4.71,5.53,4.2,1.1,3.5,1,20110704-20110711,727339.26,9664493.28
TAP_A01,T05,3141,NA,NA,NA,O,0.64,5.1,S,3,A,NA,5.32,8,1.95,0.25,0.65,0.65,20100116-20100213,0.64,5.1,S,3,A,NA,5.05,6.81,1.55,0.75,0.5,0.9,20110704-20110711,727336.8,9664493.3
TAP_A01,T05,3142,NA,NA,NA,O,0.64,19.7,C,2,A,NA,17.84,21.55,1.25,1.75,0.95,1.5,20100116-20100213,0.64,20.3,C,2,A,NA,12.68,18.04,3.45,1.35,0.5,2.7,20110704-20110711,727333.34,9664492.98
TAP_A01,T05,3143,NA,NA,NA,O,0.64,21.6,C,2,A,NA,14.9,17.96,1.9,2.1,1.25,1.7,20100116-20100213,0.64,22.1,C,2,A,NA,16.15,18.96,2.45,3.6,2.4,3,20110704-20110711,727331.18,9664491.8
TAP_A01,T05,3144,NA,NA,NA,L,0.64,5.4,C,2,A,NA,NA,NA,NA,NA,NA,NA,20100116-20100213,0.64,5.5,NA,NA,A,NA,NA,NA,NA,NA,NA,NA,20110704-20110711,727329.79,9664493.36
TAP_A01,T05,3145,TAUARI,Couratari stellata,Lecythidaceae,O,0.633164762,6.4,S,2,A,NA,7.96,9.66,0.85,1.55,1.1,0.7,20100116-20100213,0.633164762,6.5,S,2,A,NA,6.47,9.9,2.1,2,1.1,2.65,20110704-20110711,727323.98,9664493.31
TAP_A01,T05,3146,NA,NA,NA,O,0.64,10.2,C,2,A,NA,2.84,10.02,3.15,1.5,0.7,2.5,20100116-20100213,0.64,10.3,S,3,A,NA,7.64,10.58,1.3,2.1,0.2,3,20110704-20110711,727319.44,9664493.35
TAP_A01,T05,3147,NA,NA,NA,O,0.7,16.6,C,NA,D,2,NA,8.36,NA,NA,NA,NA,20100116-20100213,0.7,16.6,NA,NA,D,2,NA,7.97,NA,NA,NA,NA,20110704-20110711,727317.86,9664492.37
TAP_A01,T05,3181,NA,NA,NA,O,0.7,8.15,S,NA,D,2,NA,5.93,NA,NA,NA,NA,20100116-20100213,0.7,8.1,NA,NA,D,2,NA,18.84,NA,NA,NA,NA,20110704-20110711,727298.44,9664488.99
TAP_A01,T05,3148,NA,NA,NA,L,0.64,5,C,2,A,NA,NA,NA,NA,NA,NA,NA,20100116-20100213,0.64,4.9,NA,NA,A,NA,NA,NA,NA,NA,NA,NA,20110704-20110711,727288.09,9664493.93
TAP_A01,T05,3149,NA,NA,NA,O,0.64,51.4,E,1,A,NA,22.86,30.09,11.2,5.7,5.5,5,20100116-20100213,0.64,51.6,C,2,A,NA,15.47,12.27,11.5,8,3.3,3.1,20110704-20110711,727287.1,9664488.94
TAP_A01,T05,3150,NA,NA,NA,O,0.64,15.6,C,2,A,NA,10.31,14.28,2.4,2.15,1.9,1.4,20100116-20100213,0.64,16.2,C,2,A,NA,8.43,11.66,3.2,3.6,3.8,1.2,20110704-20110711,727275.27,9664493.74
TAP_A01,T05,3151,NA,NA,NA,O,0.64,6.5,C,2,A,NA,3.89,8.88,0.65,2.4,0.7,1.7,20100116-20100213,0.64,8.2,C,2,A,NA,7.38,11.33,1.6,3.3,1,2.8,20110704-20110711,727273.59,9664493.76
TAP_A01,T05,3152,NA,NA,NA,O,0.64,6.4,S,2,A,NA,1.87,9,1.8,3.1,2.05,1.85,20100116-20100213,0.64,7,S,2,A,NA,4.65,10.3,2.6,3.75,2,3.1,20110704-20110711,727272.21,9664493.57
TAP_A01,T05,3153,NA,NA,NA,O,0.64,9.1,C,2,A,NA,4.15,8.98,1.35,2.75,1.4,3,20100116-20100213,0.64,9.2,C,2,A,NA,5.2,10.49,1.65,3,2.2,2.5,20110704-20110711,727267.78,9664493.71
TAP_A01,T05,3154,NA,NA,NA,O,0.64,13.7,C,2,A,NA,3.57,8.68,1.8,2.5,1.5,2.5,20100116-20100213,0.64,13.9,S,2,A,NA,4.99,8.4,1.9,3.2,2,3.25,20110704-20110711,727265.41,9664493.83
TAP_A01,T05,3155,AMARELAO,Apuleia leiocarpa,Fabaceae,O,0.77,70,E,1,A,NA,36.05,42.33,9.3,5.2,5.75,6.8,20100116-20100213,0.77,71.2,E,1,A,NA,28.49,40.9,10,8.9,8,8,20110704-20110711,727250.03,9664493.68
TAP_A01,T05,3156,INGA,Inga marginata,Fabaceae,O,0.573055556,12.2,C,2,A,NA,13.76,17.24,1.35,4.35,5,0.25,20100116-20100213,0.573055556,13.2,C,2,A,NA,9.5,11.22,1.5,3.9,5.2,0.85,20110704-20110711,727244.8,9664493.6
TAP_A01,T05,3157,FAVA,Parkia sp.,Fabaceae,O,0.448989866,32.8,C,2,A,NA,20.33,24.64,-1.35,5.25,4.7,0.1,20100116-20100213,0.448989866,33.1,C,2,A,NA,19.29,21.7,0.55,4.7,4.3,-2.5,20110704-20110711,727239.87,9664493.95
TAP_A01,T05,3158,NA,NA,NA,O,0.64,30.7,C,2,A,NA,4.65,37.55,2.5,6.8,1,6.3,20100116-20100213,0.64,30,NA,NA,A,NA,13.55,17.29,NA,NA,NA,NA,20110704-20110711,727235.04,9664494.19
TAP_A01,T05,3159,NA,NA,NA,O,0.45,11.2,S,NA,D,4,NA,3.59,NA,NA,NA,NA,20100116-20100213,0.45,NA,NA,NA,D,4,NA,1.82,NA,NA,NA,NA,20110704-20110711,727234.65,9664493.85
TAP_A01,T05,3160,NA,NA,NA,L,0.64,12.1,C,2,A,NA,NA,NA,NA,NA,NA,NA,20100116-20100213,0.64,12.5,NA,NA,A,NA,NA,NA,NA,NA,NA,NA,20110704-20110711,727225.38,9664494.18
TAP_A01,T05,3161,NA,NA,NA,O,0.64,11.5,C,2,A,NA,11.79,16.01,1.85,0.55,1.8,-0.45,20100116-20100213,0.64,11.8,NA,NA,A,NA,5.32,7,NA,NA,NA,NA,20110704-20110711,727222.03,9664493.96
TAP_A01,T05,3162,CUIARANA,NA,NA,O,0.64,78.3,E,1,A,NA,23.03,34.52,0.85,7,7.8,-2.4,20100116-20100213,0.64,77.5,E,1,A,NA,18.97,35.36,4,9,10,2.15,20110704-20110711,727221.83,9664492.71
TAP_A01,T05,3163,MELANCIEIRA,Alexa grandiflora,Fabaceae,O,0.64,28.1,C,1,A,NA,21.43,25.29,5.3,2.55,6.35,2.65,20100116-20100213,0.64,28.1,C,2,A,NA,15.57,21.17,6.2,4,5.3,1.25,20110704-20110711,727205.56,9664493.65
TAP_A01,T05,3164,NA,NA,NA,O,0.45,24.7,C,NA,D,4,NA,17.55,NA,NA,NA,NA,20100116-20100213,0.45,NA,NA,NA,D,4,NA,8.21,NA,NA,NA,NA,20110704-20110711,727205.07,9664492.56
TAP_A01,T05,3165,NA,NA,NA,O,0.64,9.4,S,2,A,NA,4.83,10.56,2.4,2.1,1.15,3.05,20100116-20100213,0.64,9.9,S,2,A,NA,6.31,10.34,2.3,3,2.1,2.25,20110704-20110711,727198.27,9664494.62
TAP_A01,T05,3166,NA,NA,NA,O,0.64,10.5,S,2,A,NA,2.71,6.87,1.7,1.6,1.95,1.65,20100116-20100213,0.64,10.6,S,2,A,NA,4.28,7.24,1.8,1.5,2,1.9,20110704-20110711,727193.34,9664494.06
TAP_A01,T05,3167,NA,NA,NA,O,0.64,5.6,S,2,A,NA,5.09,6.78,1.05,2.8,3.3,0.4,20100116-20100213,0.64,6.4,S,2,A,NA,3.77,6.11,0.1,4,1,1.7,20110704-20110711,727190.08,9664494.59
TAP_A01,T05,3168,NA,NA,NA,O,0.64,10.1,S,3,A,NA,3.69,6.06,1.05,1.9,0.75,1.1,20100116-20100213,0.64,10.2,S,2,A,NA,3.61,6.01,1.55,1.05,1.05,1.3,20110704-20110711,727189.1,9664494.7
TAP_A01,T05,3169,NA,NA,NA,O,0.64,11.1,C,2,A,NA,4.8,9.29,0.25,5.1,1,3.7,20100116-20100213,0.64,11.2,S,2,A,NA,6.39,8.69,0.25,5,1.7,3.6,20110704-20110711,727187.42,9664494.61
TAP_A01,T05,3170,NA,NA,NA,O,0.64,17.1,C,2,A,NA,11.16,16.35,3.7,2.6,3.9,0.9,20100116-20100213,0.64,17.2,C,2,A,NA,9.24,16.47,3.5,1.8,4.4,2.7,20110704-20110711,727180.12,9664493.68
TAP_A01,T05,3171,NA,NA,NA,O,0.64,36.7,E,1,A,NA,16.22,25.49,-0.6,13.25,10.3,-3.5,20100116-20100213,0.64,37.4,C,2,A,NA,11.45,17.36,-2.9,8.6,10.4,-4.2,20110704-20110711,727174.7,9664493.97
TAP_A01,T05,3172,NA,NA,NA,O,0.64,23,S,3,A,NA,6.17,8.55,1.5,0.9,0.9,1.2,20100116-20100213,0.58,23,NA,NA,D,3,2.14,4.8,NA,NA,NA,NA,20110704-20110711,727171.94,9664494.15
TAP_A01,T05,3173,NA,NA,NA,O,0.64,7.1,S,2,A,NA,5.69,11.34,1.6,1.9,1.75,1.95,20100116-20100213,0.64,7.8,S,2,A,NA,8.02,10.98,2.4,1.5,2,1.8,20110704-20110711,727169.18,9664494.52
TAP_A01,T05,3174,NA,NA,NA,O,0.64,139.6,E,1,A,NA,26.56,49.51,1,12.7,2,6.15,20100116-20100213,0.64,139.6,E,1,A,NA,33.96,41.32,6,12.15,3.4,5.5,20110704-20110711,727157.84,9664490.47
TAP_A01,T05,3175,ACARIQUARANA,Rinorea guianensis,Violaceae,O,0.78,7.9,S,3,A,NA,3.38,11.86,1.85,1.15,1.8,1.3,20100116-20100213,0.78,8.2,S,2,A,NA,5.7,9.47,1.6,1.75,1.6,1.75,20110704-20110711,727155.28,9664494.64
TAP_A01,T05,3176,NA,NA,NA,O,0.64,33.9,C,2,A,NA,29.18,36.16,5.9,4.8,5.25,2.9,20100116-20100213,0.64,34.7,C,2,A,NA,23.5,33.7,6.1,5.4,6.15,5.25,20110704-20110711,727151.33,9664494.38
TAP_A01,T05,3177,NA,NA,NA,O,0.64,7.1,S,3,A,NA,6.05,11.16,2,0.7,1.95,1.05,20100116-20100213,0.64,7.1,S,3,A,NA,9.17,11.12,2.3,1,2.35,1.6,20110704-20110711,727145.12,9664494.71
TAP_A01,T05,3178,MASSARANDUBA,Manilkara huberi,Sapotaceae,O,0.93,20.3,C,2,A,NA,9.97,14.65,1.15,1.25,3.5,1.3,20100116-20100213,0.93,20.7,C,2,A,NA,10.55,15.67,1.35,2,3.5,2,20110704-20110711,727144.33,9664494.89
TAP_A01,T05,3179,NA,NA,NA,O,0.58,20.4,C,NA,D,3,NA,6.36,NA,NA,NA,NA,20100116-20100213,0.58,20.4,NA,NA,D,3,NA,6.36,NA,NA,NA,NA,20110704-20110711,727138.81,9664493.64
TAP_A01,T05,3180,NA,NA,NA,O,0.58,120.6,S,NA,D,3,NA,4.96,NA,NA,NA,NA,20100116-20100213,0.58,120.6,NA,NA,D,3,NA,4.96,NA,NA,NA,NA,20110704-20110711,727133.09,9664491.14
TAP_A01,T05,3182,NA,NA,NA,O,0.64,NA,NA,NA,A,NA,NA,NA,NA,NA,NA,NA,20100116-20100213,0.64,6.3,C,2,A,NA,11.26,12.37,0.45,1.4,1,0.85,20110704-20110711,727242.83,9664494.98
TAP_A01,T05,3183,NA,NA,NA,O,0.64,NA,NA,NA,A,NA,NA,NA,NA,NA,NA,NA,20100116-20100213,0.64,7,S,3,A,NA,3.16,4.66,-1.6,5.7,2.65,1.9,20110704-20110711,727517.92,9664492.66
TAP_A01,T05,3184,NA,NA,NA,O,0.64,NA,NA,NA,A,NA,NA,NA,NA,NA,NA,NA,20100116-20100213,0.64,5.3,S,3,A,NA,6.66,10.47,-1.25,2.7,3.5,1,20110704-20110711,727518.71,9664492.41
TAP_A01,T05,3185,NA,NA,NA,O,0.64,NA,NA,NA,A,NA,NA,NA,NA,NA,NA,NA,20100116-20100213,0.64,5.1,S,3,A,NA,4,9,1.4,1.75,1.85,1.45,20110704-20110711,727596.4,9664490.88
TAP_A01,T05,3186,TAUARI,Couratari stellata,Lecythidaceae,O,0.633164762,NA,NA,NA,A,NA,NA,NA,NA,NA,NA,NA,20100116-20100213,0.633164762,5,S,3,A,NA,4.5,8,0.45,2,0.95,1,20110704-20110711,727283.26,9664493.67
TAP_A01,T06,3201,NA,NA,NA,O,0.64,11.9,S,3,A,NA,12.66,14.3,0.97,1.28,0.6,2.95,20100116-20100213,0.64,11.8,S,2,A,NA,10.95,12.79,1.8,1.6,0.55,3.1,20110704-20110711,726779.06,9664318.13
TAP_A01,T06,3202,NA,NA,NA,O,0.64,6.5,S,3,A,NA,3.5,6.73,0.15,0.82,0.6,0.25,20100116-20100213,0.45,6.2,S,3,D,4,1.21,3.3,NA,NA,NA,NA,20110704-20110711,726771,9664318.29
TAP_A01,T06,3203,CASTANHEIRA,Bertholletia excelsa,Lecythidaceae,O,0.64,41.4,E,1,A,NA,24.67,33.53,3.75,2.95,4.25,3.6,20100116-20100213,0.64,43.5,E,1,A,NA,28.56,32.48,3.8,3.37,3.75,3.7,20110704-20110711,726763.17,9664318.83
TAP_A01,T06,3204,NA,NA,NA,O,0.64,7.2,S,3,A,NA,8.09,16.64,1.58,0.89,1.87,2.52,20100116-20100213,0.64,7.6,S,2,A,NA,7.99,14.94,3.3,2.95,3.05,2.5,20110704-20110711,726759.65,9664318.69
TAP_A01,T06,3205,NA,NA,NA,O,0.64,10.9,S,2,A,NA,4.58,9.51,4.7,0.5,2.35,6.65,20100116-20100213,0.64,11,S,2,A,NA,2.78,5.92,4.55,0,-4.2,8.4,20110704-20110711,726754.66,9664319.01
TAP_A01,T06,3206,INGA,Inga marginata,Fabaceae,O,0.573055556,15.3,C,2,A,NA,6.01,9.81,3.33,3.95,4.2,3.48,20100116-20100213,0.573055556,19.5,C,2,A,NA,12.84,20.4,5.45,5.3,6.35,4.85,20110704-20110711,726743.5,9664319.85
TAP_A01,T06,3207,NA,NA,NA,O,0.64,5.4,S,3,A,NA,2.15,8.58,1.39,1.32,1.53,1.74,20100116-20100213,0.64,5.5,S,2,A,NA,4.92,8.97,1.4,1.8,2.1,1.35,20110704-20110711,726740.5,9664320.09
TAP_A01,T06,3208,NA,NA,NA,L,0.7,5.3,C,2,D,2,NA,NA,NA,NA,NA,NA,20100116-20100213,0.7,5.3,C,2,D,2,NA,NA,NA,NA,NA,NA,20110704-20110711,726738.91,9664320.29
TAP_A01,T06,3209,NA,NA,NA,O,0.64,50.5,C,2,A,NA,23.51,30.28,8.03,1.65,3.9,2.25,20100116-20100213,0.64,51.7,E,1,A,NA,33.68,37.02,12.6,1.35,4.9,5.25,20110704-20110711,726730.24,9664322.53
TAP_A01,T06,3210,NA,NA,NA,O,0.64,36.4,C,2,A,NA,18.13,28.25,4.83,2.45,6.3,3.8,20100116-20100213,0.64,37.3,C,2,A,NA,14.11,24.3,5.5,4.2,8.2,4.45,20110704-20110711,726727.53,9664324.1
TAP_A01,T06,3211,NA,NA,NA,L,0.64,9.5,C,2,A,NA,NA,NA,NA,NA,NA,NA,20100116-20100213,0.64,10,C,2,A,NA,NA,NA,NA,NA,NA,NA,20110704-20110711,726724.56,9664321.53
TAP_A01,T06,3212,NA,NA,NA,O,0.64,12.5,S,3,A,NA,14.51,18.17,1.65,0.4,-1.2,1.95,20100116-20100213,0.64,12.6,C,2,A,NA,12.93,18.06,3.35,-2.3,-1.55,3,20110704-20110711,726722.3,9664322.18
TAP_A01,T06,3213,NA,NA,NA,O,0.64,12.1,C,2,A,NA,8.8,19.47,2.85,2.5,2.42,2.05,20100116-20100213,0.64,12.6,C,2,A,NA,8.2,15.56,2.7,3,2.75,2.5,20110704-20110711,726720.81,9664322.37
TAP_A01,T06,3214,NA,NA,NA,L,0.64,5.7,C,2,A,NA,NA,NA,NA,NA,NA,NA,20100116-20100213,0.64,6.2,C,2,A,NA,NA,NA,NA,NA,NA,NA,20110704-20110711,726700.39,9664322.74
TAP_A01,T06,3215,NA,NA,NA,L,0.64,10,C,2,A,NA,NA,NA,NA,NA,NA,NA,20100116-20100213,0.64,10,C,2,A,NA,NA,NA,NA,NA,NA,NA,20110704-20110711,726698.17,9664322.53
TAP_A01,T06,3216,NA,NA,NA,O,0.64,9.7,C,2,A,NA,7.66,11.43,3.72,-1,0.8,1.33,20100116-20100213,0.64,9.8,C,2,A,NA,1.71,9.27,NA,NA,NA,NA,20110704-20110711,726690.24,9664323.78
TAP_A01,T06,3217,NA,NA,NA,O,0.64,7.7,S,2,A,NA,1.86,5.76,1.95,1.3,1.25,2.95,20100116-20100213,0.64,8.1,S,2,A,NA,3.03,5.25,3.3,1.1,0.35,2.8,20110704-20110711,726676.25,9664324.45
TAP_A01,T06,3218,NA,NA,NA,O,0.64,6.1,S,3,A,NA,1.75,3.82,0.25,3.6,7.6,-2.15,20100116-20100213,0.64,6.1,S,2,A,NA,2.91,11.54,0.15,4.6,8.4,-1.25,20110704-20110711,726672.26,9664324.7
TAP_A01,T06,3219,ABIU,Ecclinusa ramiflora,Sapotaceae,O,0.656666667,18.6,C,2,A,NA,7.88,13.63,4.05,1.6,1.55,1.65,20100116-20100213,0.656666667,16.6,C,2,A,NA,6.48,13.86,1,0.6,2.35,0.65,20110704-20110711,726669.08,9664325.1
TAP_A01,T06,3220,NA,NA,NA,O,0.64,14.9,C,2,A,NA,9.41,14.03,1.25,1.9,1.2,1.92,20100116-20100213,0.64,15.1,C,2,A,NA,12.08,18.75,1,1.2,1.3,0.85,20110704-20110711,726665.79,9664325.4
TAP_A01,T06,3221,NA,NA,NA,O,0.64,7,S,2,A,NA,2.84,7.02,0.73,1.15,0.88,3.1,20100116-20100213,0.64,7.1,S,3,A,NA,1.7,1.94,0.4,1.55,1.15,2.9,20110704-20110711,726658.26,9664325.23
TAP_A01,T06,3222,NA,NA,NA,O,0.64,23,C,2,A,NA,5.81,16.14,1.9,1.35,0.48,2.3,20100116-20100213,0.64,23.1,C,2,A,NA,9.91,16.4,2.25,2.45,2.55,2.3,20110704-20110711,726658.23,9664326.22
TAP_A01,T06,3223,NA,NA,NA,O,0.64,6.4,C,2,A,NA,5.74,8.51,0.73,0.88,2.03,-0.55,20100116-20100213,0.64,6.5,S,3,A,NA,8.01,7.56,1.1,0.6,1.8,0.3,20110704-20110711,726645.19,9664325.99
TAP_A01,T06,3224,NA,NA,NA,O,0.64,12.9,S,3,A,NA,10.76,16.29,1.8,2.28,1.2,2.25,20100116-20100213,0.64,13.4,C,2,A,NA,10.71,15.85,1.7,2.95,2.1,2.4,20110704-20110711,726635.85,9664327.27
TAP_A01,T06,3225,NA,NA,NA,O,0.7,31.3,C,NA,D,2,NA,9.71,NA,NA,NA,NA,20100116-20100213,0.7,31.3,NA,NA,D,2,NA,9.76,NA,NA,NA,NA,20110704-20110711,726634.06,9664327.48
TAP_A01,T06,3226,NA,NA,NA,O,0.64,21.8,C,2,A,NA,11.67,17.44,1.15,2.65,2.25,2.25,20100116-20100213,0.64,21.7,C,2,A,NA,14.54,22.03,2.2,2.7,2.9,1.8,20110704-20110711,726623.63,9664328.98
TAP_A01,T06,3227,UCUUBA DA TERRA FIRME,Virola sebifera,Myristicaceae,O,0.45,26.7,C,2,A,NA,12.35,17.28,2.02,0.8,2.1,0.75,20100116-20100213,0.45,26.7,C,2,A,NA,12.96,17.24,2.2,2.25,1.1,1.35,20110704-20110711,726612.5,9664330.48
TAP_A01,T06,3228,NA,NA,NA,L,0.64,19,E,1,A,NA,NA,NA,NA,NA,NA,NA,20100116-20100213,0.64,19.9,NA,NA,A,NA,NA,NA,NA,NA,NA,NA,20110704-20110711,726594.54,9664330.05
TAP_A01,T06,3229,NA,NA,NA,O,0.64,76.8,E,1,A,NA,25.42,36.99,6.8,9.85,13.4,4.65,20100116-20100213,0.64,77,E,1,A,NA,21.26,38.65,7.6,8.4,12.5,8.1,20110704-20110711,726592.6,9664334.33
TAP_A01,T06,3230,NA,NA,NA,O,0.64,6.7,S,3,A,NA,4.19,7.74,1.09,1.35,0.97,1,20100116-20100213,0.64,6.8,S,2,A,NA,3.76,7.08,1.75,1.65,1.35,1.3,20110704-20110711,726584.52,9664330.07
TAP_A01,T06,3231,NA,NA,NA,O,0.64,15,S,3,A,NA,1.25,11.64,2.3,1.4,2.05,1.7,20100116-20100213,0.64,15.2,S,2,A,NA,4.84,12.28,2,1.85,2.3,2.3,20110704-20110711,726581.26,9664330.83
TAP_A01,T06,3232,NA,NA,NA,O,0.64,23.1,C,2,A,NA,NA,6.66,NA,NA,NA,NA,20100116-20100213,0.64,23.2,S,NA,A,NA,NA,7.95,NA,NA,NA,NA,20110704-20110711,726578.2,9664331.52
TAP_A01,T06,3233,NA,NA,NA,O,0.64,6.4,S,3,A,NA,4.56,5.44,2.35,0.5,1.4,0.65,20100116-20100213,0.64,6.3,S,2,A,NA,4.15,7,1.3,0.55,1.25,1.4,20110704-20110711,726572.92,9664330.34
TAP_A01,T06,3234,NA,NA,NA,O,0.64,11.8,C,2,A,NA,7.48,9.42,1.05,1.45,0.25,2.6,20100116-20100213,0.64,12,C,2,A,NA,5.47,10.42,0.65,2.3,0.35,2.35,20110704-20110711,726561.89,9664331.88
TAP_A01,T06,3235,EMBAUBA VERMELHA,Cecropia distachya,Urticaceae,O,0.358461538,16.6,C,2,A,NA,3.31,8.9,1.33,1.5,0.35,2.2,20100116-20100213,0.358461538,17.5,C,2,A,NA,6.82,10.35,2.5,1.1,0.85,3.8,20110704-20110711,726559.62,9664332.38
TAP_A01,T06,3236,NA,NA,NA,O,0.7,6.1,C,NA,D,2,NA,6.35,NA,NA,NA,NA,20100116-20100213,0.7,7.4,NA,NA,D,2,NA,5.41,NA,NA,NA,NA,20110704-20110711,726550.47,9664331.9
TAP_A01,T06,3237,CUMARU,Dipteryx odorata,Fabaceae,O,0.92,6.3,C,2,A,NA,6.64,8.74,1.3,0.25,0.4,0.75,20100116-20100213,0.92,6.4,C,2,A,NA,7.81,9.08,2.2,0.5,1.1,0.85,20110704-20110711,726550.08,9664332.02
TAP_A01,T06,3238,NA,NA,NA,O,0.64,16.8,C,2,A,NA,7.87,11.53,4.55,1.18,0.25,2.6,20100116-20100213,0.64,16.8,C,2,A,NA,6.48,12.02,2.2,1.8,2.1,3.2,20110704-20110711,726539.01,9664332.91
TAP_A01,T06,3239,NA,NA,NA,O,0.64,15.3,C,2,A,NA,9.5,16.1,2.48,1.55,3.65,3.4,20100116-20100213,0.64,15.6,C,2,A,NA,10.19,17.77,2.85,1.85,2.9,1.9,20110704-20110711,726524.17,9664334.24
TAP_A01,T06,3240,NA,NA,NA,O,0.64,7.5,S,2,A,NA,3.42,8.9,1.35,0.85,0.35,2.95,20100116-20100213,0.64,7.5,S,2,A,NA,7.55,10.06,2.6,0.8,0.9,2.9,20110704-20110711,726520.96,9664334.26
TAP_A01,T06,3241,CASTANHEIRA,Bertholletia excelsa,Lecythidaceae,O,0.64,50.3,E,1,A,NA,21.82,29.63,4.2,6.6,0.8,4.93,20100116-20100213,0.64,50.5,E,2,A,NA,29.48,47.92,4.65,1.4,2.6,5.5,20110704-20110711,726518.8,9664336.53
TAP_A01,T06,3242,NA,NA,NA,O,0.64,5,S,3,A,NA,2.77,5.94,1.4,1.15,1.75,1.9,20100116-20100213,0.64,5.1,S,3,A,NA,2.74,6.22,1.75,1,1.9,2.2,20110704-20110711,726511.85,9664334.31
TAP_A01,T06,3243,NA,NA,NA,O,0.64,15.8,C,1,A,NA,22.34,26.67,4,2,-3.8,6.7,20100116-20100213,0.64,16,C,2,A,NA,24.69,30.35,4.6,-0.6,-2.2,4.2,20110704-20110711,726502.64,9664336.08
TAP_A01,T06,3244,NA,NA,NA,O,0.64,9.6,C,2,A,NA,4.79,6.37,1.9,-0.9,-0.7,4.55,20100116-20100213,0.64,9.6,C,2,A,NA,5.71,8.69,2.7,-0.3,-0.85,4.5,20110704-20110711,726497.52,9664335.95
TAP_A01,T06,3245,NA,NA,NA,O,0.64,9.6,C,2,A,NA,3.18,7.88,-0.13,3.78,0.85,2.1,20100116-20100213,0.64,10.1,S,2,A,NA,2.56,7.32,-0.4,1.45,0.45,0.5,20110704-20110711,726476.85,9664337.04
TAP_A01,T06,3246,NA,NA,NA,O,0.64,10,S,2,A,NA,5.81,7.65,3.45,0.8,1.25,3.07,20100116-20100213,0.64,10.2,S,2,A,NA,4.68,10.89,3.2,0.2,-0.3,2.95,20110704-20110711,726471.57,9664337.62
TAP_A01,T06,3247,FAVA AMARGOSA,Vataireopsis speciosa,Fabaceae,O,0.65,14.4,C,2,A,NA,8.4,11.26,1,1.1,2,-0.2,20100116-20100213,0.65,14.5,C,2,A,NA,8.79,11.72,1.6,1.3,2.4,0.2,20110704-20110711,726465.83,9664337.08
TAP_A01,T06,3248,NA,NA,NA,O,0.64,5.3,S,3,A,NA,2.74,6.17,0.73,0.85,1.13,0.65,20100116-20100213,0.64,5.3,S,3,A,NA,2.98,3.9,0.7,0.9,1.1,0.9,20110704-20110711,726438.11,9664339.21
TAP_A01,T06,3249,NA,NA,NA,O,0.64,14.7,C,1,A,NA,8.53,10.94,NA,NA,NA,NA,20100116-20100213,0.64,14.8,S,2,A,NA,4.9,11.26,0.9,0.3,0.9,0.5,20110704-20110711,726429.91,9664339.57
TAP_A01,T06,3250,NA,NA,NA,O,0.64,7.5,C,2,A,NA,6.04,7.65,1.65,0.2,0.8,2.09,20100116-20100213,0.64,7.5,S,2,A,NA,5.58,7.36,1.15,1,1,1.65,20110704-20110711,726428.43,9664339.81
TAP_A01,T06,3251,NA,NA,NA,O,0.64,14,C,2,A,NA,6.1,10.61,0.3,3.4,0,2.75,20100116-20100213,0.64,14.2,C,2,A,NA,7.08,9.3,0.1,3.5,0.3,2.5,20110704-20110711,726425.3,9664339.55
TAP_A01,T06,3252,NA,NA,NA,O,0.64,8.9,S,3,A,NA,6.42,11.06,0.75,1.55,1.63,4.25,20100116-20100213,0.64,9.2,C,2,A,NA,6.11,8.37,2.2,2.25,1,4.8,20110704-20110711,726419.76,9664340.55
TAP_A01,T06,3253,NA,NA,NA,L,0.64,6.1,S,3,A,NA,NA,NA,NA,NA,NA,NA,20100116-20100213,0.64,5.9,NA,NA,A,NA,NA,NA,NA,NA,NA,NA,20110704-20110711,726415.16,9664340.69
TAP_A01,T06,3254,NA,NA,NA,O,0.64,43.1,E,1,A,NA,18.71,22.1,1.7,2.1,1.7,1.38,20100116-20100213,0.64,43.1,C,1,A,NA,14.9,18,0.25,0.25,0.25,0.25,20110704-20110711,726414.81,9664343.12
TAP_A01,T06,3255,CACAU,Theobroma glaucum,Malvaceae,O,0.529714286,16.9,C,2,A,NA,11.36,15.76,1.35,0.95,0.75,1.12,20100116-20100213,0.529714286,17,C,2,A,NA,10.21,15.47,0.45,0.4,0.35,0.45,20110704-20110711,726410.79,9664341.41
TAP_A01,T06,3256,NA,NA,NA,O,0.64,8.8,C,2,A,NA,6.67,9.16,0.7,0.45,0.78,0.3,20100116-20100213,0.64,8.9,S,2,A,NA,6.48,7.9,0.25,0.2,0.25,0.95,20110704-20110711,726407.79,9664341.4
TAP_A01,T06,3257,NA,NA,NA,O,0.64,8.2,S,3,A,NA,5.62,7.79,-1.12,7.55,2.75,1,20100116-20100213,0.64,8.2,S,3,A,NA,2.95,6.04,-0.85,7.9,3.2,0.7,20110704-20110711,726394.96,9664341.45
TAP_A01,T06,3258,NA,NA,NA,O,0.64,9.5,C,2,A,NA,5.33,8.5,0.78,4.5,1.5,3,20100116-20100213,0.64,9.9,C,2,A,NA,5.83,10.44,1.15,4.8,1.7,2.15,20110704-20110711,726394.02,9664342.36
TAP_A01,T06,3259,NA,NA,NA,O,0.64,14.6,C,2,A,NA,7.77,10.39,2.95,1.48,1.8,2.37,20100116-20100213,0.64,14.7,C,2,A,NA,7.83,10.9,3.3,1.6,1.65,1.5,20110704-20110711,726390.51,9664342.28
TAP_A01,T06,3260,NA,NA,NA,O,0.64,12.9,C,2,A,NA,11.68,16.64,1.65,0.55,0.75,1.53,20100116-20100213,0.64,13.3,C,2,A,NA,9.97,13.25,1.3,0.75,-0.9,2,20110704-20110711,726384.78,9664342.08
TAP_A01,T06,3261,NA,NA,NA,O,0.64,9,C,2,A,NA,3.35,10.67,1.75,0.68,0.43,1.95,20100116-20100213,0.64,9.1,S,2,A,NA,4.91,10.26,2.55,0.75,1,2.1,20110704-20110711,726382.51,9664342.53
TAP_A01,T06,3262,NA,NA,NA,O,0.64,6.2,C,2,A,NA,5.67,8.99,0.88,1.2,0.18,2.05,20100116-20100213,0.64,6.4,S,2,A,NA,4.42,9.32,1.1,1.1,0.3,2.65,20110704-20110711,726372.14,9664343.37
TAP_A01,T06,3263,NA,NA,NA,O,0.58,12.2,S,NA,D,3,NA,4.39,NA,NA,NA,NA,20100116-20100213,0.58,NA,NA,NA,D,3,NA,NA,NA,NA,NA,NA,20110704-20110711,726360.13,9664343.67
TAP_A01,T06,3264,BABAÇU,Attalea speciosa,Arecaceae,P,0.325650588,33.7,E,1,A,NA,11.51,21.16,5.6,4.3,4.25,6,20100116-20100213,0.325650588,33.1,C,2,A,NA,10.98,20.69,5.3,5,6.1,8,20110704-20110711,726350.45,9664347.43
TAP_A01,T06,3265,ANDIROBA,Carapa guianensis,Meliaceae,O,0.568911481,10.6,S,3,A,NA,8.79,11.57,0.15,2.1,0.75,4.6,20100116-20100213,0.568911481,10.7,S,2,A,NA,3.76,6.18,2.4,2.1,5.3,1.1,20110704-20110711,726320.87,9664347.02
TAP_A01,T06,3266,NA,NA,NA,O,0.58,7,S,NA,D,3,NA,5.25,NA,NA,NA,NA,20100116-20100213,0.58,7.4,NA,NA,D,3,NA,4.83,NA,NA,NA,NA,20110704-20110711,726316.92,9664346.37
TAP_A01,T06,3267,NA,NA,NA,O,0.64,12.2,C,2,A,NA,2.12,8.13,1.15,2.1,1.05,1.15,20100116-20100213,0.64,12.3,S,2,A,NA,2.31,7.47,1.25,3.2,1.2,1.15,20110704-20110711,726309.39,9664347.69
TAP_A01,T06,3268,CASTANHEIRA,Bertholletia excelsa,Lecythidaceae,O,0.64,42.6,C,2,A,NA,20.8,29.69,4.9,1.5,4.9,3.5,20100116-20100213,0.64,43.6,E,1,A,NA,17.06,30.67,4.6,3.6,5.7,4.05,20110704-20110711,726290.6,9664348.56
TAP_A01,T06,3269,INGA,Inga marginata,Fabaceae,O,0.573055556,6.5,C,2,A,NA,6.52,8.96,-0.63,2.48,0.45,2.1,20100116-20100213,0.573055556,6.9,S,2,A,NA,5.77,7.04,1.8,2.8,2,2.2,20110704-20110711,726296.94,9664347.41
TAP_A01,T06,3270,NA,NA,NA,O,0.64,7.1,S,3,A,NA,5.46,8.24,NA,NA,NA,NA,20100116-20100213,0.7,7.4,NA,NA,D,2,NA,3.17,NA,NA,NA,NA,20110704-20110711,726298.32,9664346.93
TAP_A01,T06,3271,EMBAUBA BRANCA,Cecropia palmata,Urticaceae,O,0.345907708,12.7,C,2,A,NA,14.79,16.2,5.15,-2.8,3.48,-1.4,20100116-20100213,0.345907708,13.6,C,2,A,NA,4.86,6.09,4.9,-2,6.9,-2.8,20110704-20110711,726300.76,9664346.77
TAP_A01,T06,3272,NA,NA,NA,O,0.64,6.4,S,3,A,NA,5.16,6.24,1.1,1.26,1.35,0.25,20100116-20100213,0.64,6.5,S,3,A,NA,4.48,7.17,1.1,0.45,0.35,0.3,20110704-20110711,726315.98,9664345.82
TAP_A01,T06,3273,EMBAUBARANA,Pourouma guianensis,Urticaceae,O,0.38,28.3,C,2,A,NA,11.78,13.73,8.9,2.7,7.47,3.8,20100116-20100213,0.38,30.1,C,2,A,NA,10.84,17.47,2.2,7.35,6,5.6,20110704-20110711,726316.97,9664345.56
TAP_A01,T06,3274,NA,NA,NA,O,0.64,6.3,S,3,A,NA,3.21,5.54,0.55,0.65,1.13,0.2,20100116-20100213,0.64,6.3,S,2,A,NA,4.61,5.9,0.65,1.3,2.05,0.75,20110704-20110711,726324.27,9664345.36
TAP_A01,T06,3275,ACARIQUARA,Minquartia guianensis,Olacaceae,O,0.77,6.9,C,2,A,NA,2.11,3.76,-0.85,1.75,-0.45,1.65,20100116-20100213,0.77,7,S,2,A,NA,2.07,2.48,-1.6,2.6,-1.3,1.9,20110704-20110711,726332.87,9664345.12
TAP_A01,T06,3276,NA,NA,NA,O,0.64,11.7,C,2,A,NA,2.38,6.17,1.2,2,-1.7,8.95,20100116-20100213,0.64,11.9,S,2,A,NA,3.28,7.03,2.3,3,-0.85,11,20110704-20110711,726342.8,9664343.65
TAP_A01,T06,3277,NA,NA,NA,O,0.64,13.5,C,2,A,NA,1.17,7.88,3,1.95,-1.05,10.1,20100116-20100213,0.64,14.5,S,2,A,NA,3.28,7.03,2.3,3,-0.85,11,20110704-20110711,726342.81,9664343.85
TAP_A01,T06,3278,CASTANHEIRA,Bertholletia excelsa,Lecythidaceae,O,0.64,10.9,C,2,A,NA,4.11,8.63,1.13,1,0.8,1.6,20100116-20100213,0.64,11.5,C,1,A,NA,7.35,12.31,2.65,2.3,1.2,2,20110704-20110711,726344.74,9664344.18
TAP_A01,T06,3279,NA,NA,NA,O,0.58,23.9,S,NA,D,3,NA,1.59,NA,NA,NA,NA,20100116-20100213,0.58,7.4,S,3,D,3,NA,1.59,NA,NA,NA,NA,20110704-20110711,726350.06,9664342.85
TAP_A01,T06,3280,NA,NA,NA,O,0.64,8.4,S,2,A,NA,6.45,7.49,0.95,-1.2,0.65,1.8,20100116-20100213,0.64,8.6,S,2,A,NA,5.74,9.12,0.85,0.75,0.3,0.85,20110704-20110711,726354.83,9664343.8
TAP_A01,T06,3281,CACAU,Theobroma glaucum,Malvaceae,O,0.529714286,17.3,C,2,A,NA,11.75,14,1.55,1.25,1.85,1.1,20100116-20100213,0.529714286,17.6,C,2,A,NA,10.01,12.94,0.75,0.6,0.55,0.5,20110704-20110711,726356.64,9664342.34
TAP_A01,T06,3282,AMAPA,Parahancornia fasciculata,Apocynaceae,O,0.473,5.1,C,2,A,NA,6.32,9.09,0.8,1.25,1.86,0.6,20100116-20100213,0.473,5.1,S,2,A,NA,8.16,10.78,0.3,0.4,0.4,0.25,20110704-20110711,726364.56,9664343.19
TAP_A01,T06,3283,NA,NA,NA,O,0.64,18.1,C,2,A,NA,6.91,9.58,3.75,1,1.25,4.8,20100116-20100213,0.64,20.2,C,2,A,NA,10.24,13.72,4.7,2.4,2.75,5.3,20110704-20110711,726365.79,9664342.72
TAP_A01,T06,3284,NA,NA,NA,O,0.64,30.3,C,2,A,NA,14.11,16.04,1,4.8,3.35,1.75,20100116-20100213,0.64,30.2,C,2,A,NA,12.13,17.83,1.75,4.1,5.2,0.8,20110704-20110711,726396.93,9664340.87
TAP_A01,T06,3285,NA,NA,NA,O,0.64,12.3,C,2,A,NA,7.18,11.61,0.62,0.86,1.2,1.35,20100116-20100213,0.64,12.4,C,2,A,NA,7.41,10.73,0.5,0.8,0.5,0.75,20110704-20110711,726411.39,9664339.72
TAP_A01,T06,3286,NA,NA,NA,O,0.64,11.7,C,2,A,NA,11.64,13.64,1.5,-0.1,1.95,0.75,20100116-20100213,0.64,11.8,C,2,A,NA,9.04,14.02,1.7,-0.35,-0.25,1.6,20110704-20110711,726412.47,9664339.45
TAP_A01,T06,3287,NA,NA,NA,O,0.64,20.2,C,2,A,NA,14.94,17.59,3.3,4.95,3.2,3,20100116-20100213,0.64,20.4,C,2,A,NA,8.71,16.56,1.15,2.6,1.6,0.9,20110704-20110711,726415.65,9664338.95
TAP_A01,T06,3288,NA,NA,NA,O,0.64,5.2,S,3,A,NA,2.65,4.23,0.6,0.45,0.2,0.5,20100116-20100213,0.64,5.2,S,3,A,NA,2.58,3.8,0.6,0.55,0.3,0.8,20110704-20110711,726417.9,9664339.72
TAP_A01,T06,3289,NA,NA,NA,O,0.64,5.1,S,3,A,NA,5,8.95,-0.15,1.7,-0.45,2.2,20100116-20100213,0.64,5.1,S,2,A,NA,5.11,9.29,-0.5,2.45,-1.1,1.9,20110704-20110711,726420.9,9664339.58
TAP_A01,T06,3290,NA,NA,NA,O,0.64,18.7,C,2,A,NA,7.43,9.36,1,1.5,1.35,0.85,20100116-20100213,0.64,18.8,C,2,A,NA,11,14.77,0.6,0.35,0.45,0.7,20110704-20110711,726432.44,9664338.36
TAP_A01,T06,3291,NA,NA,NA,O,0.64,14.5,C,2,A,NA,7.07,12.27,0.83,2.05,0.85,3.82,20100116-20100213,0.64,14.6,S,2,A,NA,5.6,9.46,1.15,1.4,1,1.7,20110704-20110711,726445.29,9664337.96
TAP_A01,T06,3292,NA,NA,NA,O,0.64,15.3,C,2,A,NA,6.31,11.25,2,0.75,1,1.45,20100116-20100213,0.64,15.4,NA,NA,A,NA,1.12,5.93,NA,NA,NA,NA,20110704-20110711,726447.64,9664337.86
TAP_A01,T06,3293,TUCUMA,Astrocaryum aculeatum ,Arecaceae,P,0.508,22.9,E,1,A,NA,20.78,28.46,6.25,3.95,2.3,5.65,20100116-20100213,0.508,23,E,1,A,NA,18.21,26.07,5.2,3.55,4.75,5.15,20110704-20110711,726457.12,9664335.62
TAP_A01,T06,3294,NA,NA,NA,O,0.64,8,S,2,A,NA,3.49,5.66,0.47,0.55,0.7,0.7,20100116-20100213,0.64,8.1,S,3,A,NA,3.42,7.12,1.3,1.3,0.8,1.3,20110704-20110711,726460.82,9664337.04
TAP_A01,T06,3295,NA,NA,NA,O,0.64,16.3,C,2,A,NA,8.26,9.33,0.5,0.5,-0.5,1.5,20100116-20100213,0.64,16.4,C,2,A,NA,8.56,14.31,1.3,0.15,0.15,0.4,20110704-20110711,726480.12,9664334.88
TAP_A01,T06,3296,NA,NA,NA,O,0.64,12.3,C,2,A,NA,8.24,9.81,4.5,1.45,1.35,5.4,20100116-20100213,0.64,15.5,C,2,A,NA,9.24,12.66,3.4,2.4,2.75,2.1,20110704-20110711,726480.42,9664334.81
TAP_A01,T06,3339,NA,NA,NA,O,0.64,NA,NA,NA,A,NA,NA,NA,NA,NA,NA,NA,20100116-20100213,0.64,11.8,C,2,A,NA,10.43,12.24,1.4,0.7,0.9,3.3,20110704-20110711,726490.92,9664334.61
TAP_A01,T06,3297,NA,NA,NA,O,0.64,11.8,C,2,A,NA,6.58,8.64,2.5,1.05,1,1.85,20100116-20100213,0.64,12.1,C,2,A,NA,6.11,7.82,3.35,1.3,2.15,2.9,20110704-20110711,726484.22,9664334.83
TAP_A01,T06,3298,PARAPARA,Jacaranda copaia,Bignoniaceae,O,0.353578132,39,C,2,A,NA,15.86,29.32,1.55,3.6,1.6,4,20100116-20100213,0.353578132,39.1,C,2,A,NA,20.55,24.12,-0.35,3.9,1.5,4.15,20110704-20110711,726508.94,9664331.08
TAP_A01,T06,3299,PARAPARA,Jacaranda copaia,Bignoniaceae,O,0.353578132,41.5,E,1,A,NA,22.06,25.93,1.9,2.1,1.85,1.6,20100116-20100213,0.353578132,41.8,C,2,A,NA,24.28,28.49,1.2,0.35,1.1,0.5,20110704-20110711,726516.25,9664329.37
TAP_A01,T06,3300,NA,NA,NA,O,0.64,5.3,S,2,A,NA,7.57,9.45,0.9,0.37,0.55,0.65,20100116-20100213,0.64,5.4,S,3,A,NA,7.46,9.01,1.25,0.45,0.85,0.95,20110704-20110711,726524.08,9664332.94
TAP_A01,T06,3301,NA,NA,NA,O,0.64,11.6,S,3,A,NA,7.37,13.34,6.2,3.1,1.37,6.6,20100116-20100213,0.64,11.8,C,2,A,NA,7.24,12.1,4.8,1.65,1.5,6.3,20110704-20110711,726539.66,9664332.12
TAP_A01,T06,3302,NA,NA,NA,O,0.64,7.3,C,2,A,NA,5.42,7.36,0.7,0.44,1.35,0.35,20100116-20100213,0.64,7.5,S,2,A,NA,7.7,11.05,1.1,0.8,1.4,0.45,20110704-20110711,726550.25,9664331.56
TAP_A01,T06,3303,TAUARI,Couratari stellata,Lecythidaceae,O,0.633164762,96.3,E,1,A,NA,41.92,49.07,3.2,10.25,6.6,8.3,20100116-20100213,0.633164762,96.1,E,1,A,NA,27.57,44.77,3.4,10.8,5.85,8.6,20110704-20110711,726554.76,9664323.51
TAP_A01,T06,3304,NA,NA,NA,O,0.64,8.8,C,2,A,NA,8.28,11.23,2.6,1.25,2.76,2.87,20100116-20100213,0.64,8.8,S,2,A,NA,6.48,10.23,2.65,2.6,2.35,2.3,20110704-20110711,726578.65,9664329.14
TAP_A01,T06,3305,NA,NA,NA,O,0.64,14.9,C,2,A,NA,9.12,12.23,-1.65,8.44,3.2,2,20100116-20100213,0.7,7.4,S,NA,D,2,1.62,1.9,NA,NA,NA,NA,20110704-20110711,726579.91,9664328.46
TAP_A01,T06,3306,NA,NA,NA,O,0.64,22.5,C,2,A,NA,15.18,20.28,2.62,1.45,3.6,1.85,20100116-20100213,0.64,22.5,C,2,A,NA,22.03,28.05,2.4,1.7,2.35,1.3,20110704-20110711,726582.21,9664328.26
TAP_A01,T06,3307,NA,NA,NA,O,0.64,22.1,C,2,A,NA,11.07,13.18,2.75,3.2,5.1,1.8,20100116-20100213,0.64,22.2,C,3,A,NA,17.04,22.53,2.5,3.5,4.5,1.2,20110704-20110711,726598.35,9664328.46
TAP_A01,T06,3308,NA,NA,NA,O,0.64,11.3,S,2,A,NA,6.89,11.35,5.85,2.66,3,4.1,20100116-20100213,0.64,11.7,S,2,A,NA,9.06,14.2,4.6,2.8,3.3,3.9,20110704-20110711,726603.12,9664327.81
TAP_A01,T06,3309,ANDIROBA,Carapa guianensis,Meliaceae,O,0.568911481,16.9,C,2,A,NA,10.97,17.23,1.15,5.2,2.82,3.4,20100116-20100213,0.568911481,18,S,2,A,NA,17.14,16.63,3.1,5.5,1.5,4.3,20110704-20110711,726612.01,9664327.45
TAP_A01,T06,3310,CASTANHEIRA,Bertholletia excelsa,Lecythidaceae,O,0.64,78.3,E,1,A,NA,31.67,41.12,8,8.3,8.25,8.95,20100116-20100213,0.64,83.4,C,1,A,NA,27.57,41.17,10,7.9,11.2,10.2,20110704-20110711,726612.81,9664320.89
TAP_A01,T06,3311,EMBAUBA BRANCA,Cecropia palmata,Urticaceae,O,0.345907708,6.2,C,2,A,NA,12.27,13.44,-0.54,0.9,0.36,0.45,20100116-20100213,0.345907708,6.3,E,2,A,NA,11.77,12.53,-1.4,2.8,1.1,-0.25,20110704-20110711,726614.32,9664327.43
TAP_A01,T06,3312,NA,NA,NA,O,0.64,6.8,S,3,A,NA,2.87,4.57,2.2,1.1,0.6,2.3,20100116-20100213,0.64,7.1,S,3,A,NA,1.98,4.86,1,2.5,1.3,2.2,20110704-20110711,726623.89,9664326.71
TAP_A01,T06,3313,NA,NA,NA,O,0.64,7.4,S,3,A,NA,2.29,3.44,1.3,1.24,3,1.15,20100116-20100213,0.7,7.4,S,NA,D,2,0.85,1.77,NA,NA,NA,NA,20110704-20110711,726623,9664326.9
TAP_A01,T06,3314,ANDIROBA,Carapa guianensis,Meliaceae,O,0.568911481,8.7,S,3,A,NA,10.69,14.01,0.65,0.6,0.67,1.9,20100116-20100213,0.568911481,9.9,S,3,A,NA,10.69,14.91,1.7,1.6,1.6,2,20110704-20110711,726627.4,9664326.7
TAP_A01,T06,3315,GRUIM,NA,NA,O,0.64,10,S,3,A,NA,6.2,15.91,3.2,1.25,1.75,1.7,20100116-20100213,0.64,10.1,S,2,A,NA,7.54,15.43,2.7,2.5,2.2,2,20110704-20110711,726632.19,9664326.4
TAP_A01,T06,3316,PAU JACARE,Laetia procera,Salicaceae,O,0.633026084,58.6,E,1,A,NA,18.99,27.02,5.4,6.3,11.15,1,20100116-20100213,0.633026084,59.1,C,1,A,NA,28.62,35.76,2,4.8,7.8,3.3,20110704-20110711,726632.62,9664323.71
TAP_A01,T06,3317,ANDIROBA,Carapa guianensis,Meliaceae,O,0.568911481,14.7,C,2,A,NA,15.73,18.31,1.25,1.85,-1.35,4.55,20100116-20100213,0.568911481,16.5,E,1,A,NA,22.26,33.95,2.5,1.5,1.7,2.9,20110704-20110711,726633.28,9664326.18
TAP_A01,T06,3318,NA,NA,NA,O,0.64,5.3,S,2,A,NA,9.56,11.95,0.65,1.37,1,1,20100116-20100213,0.64,5.7,S,2,A,NA,8.04,11.64,1.2,1.2,0.9,1.1,20110704-20110711,726635.39,9664326.3
TAP_A01,T06,3319,NA,NA,NA,O,0.64,24,C,2,A,NA,8.01,11.31,1.95,1.65,2,2.05,20100116-20100213,0.64,24.1,S,2,A,NA,9.06,11.53,1.9,1.3,1.5,1.8,20110704-20110711,726644.45,9664323.78
TAP_A01,T06,3320,NA,NA,NA,O,0.64,7.7,S,3,A,NA,9.46,14.31,2.35,1.3,3.05,0.97,20100116-20100213,0.64,8.3,E,2,A,NA,10.64,15.4,2.7,1.3,1.3,1.7,20110704-20110711,726646.06,9664325.53
TAP_A01,T06,3321,NA,NA,NA,O,0.64,6.2,S,3,A,NA,5.41,8.71,4.05,1.2,2.15,1.75,20100116-20100213,0.64,6.5,S,2,A,NA,4.48,10.81,4.1,1.6,2.1,1.5,20110704-20110711,726648.83,9664325.01
TAP_A01,T06,3322,NA,NA,NA,O,0.64,14.8,C,2,A,NA,14.39,17.81,2.2,1.25,2,2.35,20100116-20100213,0.64,16.2,E,1,A,NA,12.35,17.71,3,2.2,2.3,2.3,20110704-20110711,726649.37,9664324.02
TAP_A01,T06,3323,NA,NA,NA,O,0.64,8.5,S,3,A,NA,8.33,11.08,2.73,2.2,2.31,2,20100116-20100213,0.64,8.5,S,2,A,NA,6.69,9.73,2.25,2.6,2,1.95,20110704-20110711,726651.76,9664325.33
TAP_A01,T06,3324,CASTANHEIRA,Bertholletia excelsa,Lecythidaceae,O,0.64,5.2,S,3,A,NA,7.82,11.52,1.25,0.7,0.85,1.25,20100116-20100213,0.64,5.4,S,3,A,NA,7.02,13.75,0.9,1.1,0.9,1,20110704-20110711,726664.21,9664324.25
TAP_A01,T06,3325,CUPIUBA,Goupia glabra,Goupiaceae,O,0.7272025,26.5,C,2,A,NA,17.88,22.32,3.5,3.4,1.55,4.33,20100116-20100213,0.7272025,28.1,E,1,A,NA,15.53,24.06,3.5,3.7,3.7,3.7,20110704-20110711,726664.67,9664321.96
TAP_A01,T06,3326,CAJUI,Anacardium spruceanum,Anacardiaceae,O,0.479166667,49.7,E,1,A,NA,24.87,29.3,4.7,4.35,5.25,1.55,20100116-20100213,0.479166667,49.8,E,1,A,NA,20.71,28.51,4,5,5.3,3.7,20110704-20110711,726698.37,9664319.21
TAP_A01,T06,3327,NA,NA,NA,P,0.64,55.1,C,2,A,NA,2.53,14.03,5.75,5.9,8.65,3.95,20100116-20100213,0.64,57.8,S,2,A,NA,4.59,14.16,3.7,7.5,8.8,3.1,20110704-20110711,726701.91,9664321.34
TAP_A01,T06,3328,NA,NA,NA,L,0.64,17.5,E,NA,A,NA,NA,NA,NA,NA,NA,NA,20100116-20100213,0.64,17.9,NA,NA,A,NA,NA,NA,NA,NA,NA,NA,20110704-20110711,726721.85,9664319.8
TAP_A01,T06,3329,NA,NA,NA,O,0.64,78.7,E,1,A,NA,33.73,42.73,6.3,7.55,9.45,3.7,20100116-20100213,0.64,79.2,C,1,A,NA,33.73,42.73,6,7.1,7.6,7.4,20110704-20110711,726721.8,9664317.35
TAP_A01,T06,3330,ABIU,Ecclinusa ramiflora,Sapotaceae,O,0.656666667,31.1,C,2,A,NA,25.54,30.06,5.45,2.1,4.98,1.15,20100116-20100213,0.656666667,31.2,S,2,A,NA,21.1,29.7,4.2,3.5,4.5,3.5,20110704-20110711,726729.56,9664318.12
TAP_A01,T06,3331,MATAMATA VERMELHO,Eschweilera grandifolia,Lecythidaceae,O,0.876,39,C,2,A,NA,26.08,30.62,4.73,2.15,3.6,0.8,20100116-20100213,0.876,39.5,E,1,A,NA,20.75,29.12,3,4,3.5,1.9,20110704-20110711,726736.43,9664319.09
TAP_A01,T06,3332,CUIARANA,NA,NA,O,0.64,20.4,C,2,A,NA,13.69,14.6,0.4,1.15,-0.4,1.95,20100116-20100213,0.64,21.5,E,1,A,NA,14.66,17.89,0.9,1.3,1.3,1.5,20110704-20110711,726751.66,9664319.04
TAP_A01,T06,3333,NA,NA,NA,O,0.64,20,C,2,A,NA,12.83,16.79,4.99,3.75,2.15,5.2,20100116-20100213,0.64,20.4,E,1,A,NA,15.62,21.87,4.4,3,3.1,5.3,20110704-20110711,726758.83,9664318.39
TAP_A01,T06,3334,NA,NA,NA,P,0.64,36.5,C,2,A,NA,3.22,14.98,8.45,2.4,6.9,6.48,20100116-20100213,0.64,38.2,S,3,A,NA,0.57,12.76,8.3,4,6.7,7.2,20110704-20110711,726762.83,9664315.04
TAP_A01,T06,3335,BREU,Protium hepytaphillum ,Burseraceae,O,0.629,16.2,C,2,A,NA,13.23,15.57,3.1,1.85,2.4,5.55,20100116-20100213,0.629,16.8,S,3,A,NA,8.09,18.46,3.9,2.7,2.5,4,20110704-20110711,726773.34,9664316.49
TAP_A01,T06,3336,NA,NA,NA,P,0.64,49.8,S,3,A,NA,1.97,9.27,7.45,5,7.98,9.63,20100116-20100213,0.64,50.7,S,3,A,NA,NA,10.33,8.1,7.7,7.6,7,20110704-20110711,726776.11,9664315.91
TAP_A01,T06,3337,INGA,Inga marginata,Fabaceae,O,0.573055556,26,C,2,A,NA,12.39,19.87,3.95,6.5,8.65,1,20100116-20100213,0.573055556,26.6,NA,NA,A,NA,2.31,3.94,NA,NA,NA,NA,20110704-20110711,726780.3,9664317.16
